x_lambda_over_NA,PSF_1,PSF_2,sum
-1.4,0.000543886238223865,0.00014052842607870986,0.0006844146643025748
-1.39825,0.0005256027695893186,0.00016497896981748544,0.000690581739406804
-1.3964999999999999,0.0005074518136469733,0.0001914782781708475,0.0006989300918178208
-1.39475,0.0004894444835246617,0.00022004258440550068,0.0007094870679301624
-1.393,0.00047159189927974506,0.000250687381564722,0.0007222792808444672
-1.3912499999999999,0.00045390518276126955,0.0002834274089733869,0.0007373325917346565
-1.3895,0.00043639545244019985,0.00031827663894491346,0.0007546720913851134
-1.3877499999999998,0.0004190738182098592,0.0003552482636973687,0.0007743220819072279
-1.386,0.000401951376158898,0.0003943546824859268,0.0007963060586448248
-1.38425,0.00038503920331883567,0.00043560748895900953,0.0008206466922778453
-1.3824999999999998,0.00036834835238859476,0.0004790174587451554,0.0008473658111337502
-1.38075,0.00035188984643810936,0.0005245945372778936,0.0008764843837160028
-1.379,0.0003356746735934778,0.0005723478278656658,0.0009080225014591436
-1.3772499999999999,0.00031971378170578507,0.0006222855800139503,0.0009419993617197353
-1.3755,0.0003040180730061013,0.0006744151780065169,0.0009784332510126181
-1.3737499999999998,0.00028859839874883353,0.0007287431297530005,0.001017341528501834
-1.3719999999999999,0.0002734655538459656,0.0007852750559095311,0.0010587406097554966
-1.37025,0.00025863027149441395,0.000844015679279505,0.001102645950773919
-1.3684999999999998,0.00024410321779902653,0.0009049688145012784,0.0011490720323003051
-1.36675,0.00022989498639359817,0.0009681373580295188,0.001198032344423117
-1.365,0.00021601609306228653,0.0010335232784171456,0.0012495393714794323
-1.3632499999999999,0.00020247697036397284,0.0011011276069043247,0.0013036045772682977
-1.3615,0.00018928796226197735,0.001170950428321234,0.0013602383905832113
-1.35975,0.00017645931876156403,0.0012429908723112467,0.0014194501910728106
-1.3579999999999999,0.00016400119055783,0.0013172471048808183,0.0014812482954386483
-1.35625,0.00015192362369633984,0.0013937163202825925,0.0015456399439789323
-1.3544999999999998,0.00014023655424914424,0.0014723947332381726,0.001612631287487317
-1.35275,0.0001289498030085659,0.0015532775715065064,0.0016822273745150723
-1.351,0.00011807307020139807,0.0016363590688044654,0.0017544321390058635
-1.3492499999999998,0.00010761593022591868,0.001721632458085339,0.0018292483883112578
-1.3475,9.758782641437014e-05,0.001809089965181431,0.0019066777915958011
-1.34575,8.799806582332548e-05,0.0018987228028167632,0.0019867208686400887
-1.3439999999999999,7.88558140545696e-05,0.001990521164995464,0.0020693769790500337
-1.34225,7.017009010899138e-05,0.002084474221771717,0.0021546443118807086
-1.3405,6.194976127600807e-05,0.0021805701144070187,0.002242519875683027
-1.3387499999999999,5.420353806111079e-05,0.0022787959509199514,0.002332999488981062
-1.337,4.6939969154023986e-05,0.0023791378020342055,0.0024260777711882296
-1.3352499999999998,4.016743644003321e-05,0.00248158069753007,0.002521748133970103
-1.3335,3.389415005700546e-05,0.002586108623004418,0.0026200027730614237
-1.33175,2.8128143500627944e-05,0.0026927045170447106,0.0027208326605453383
-1.3299999999999998,2.287726878037695e-05,0.0028013502688214818,0.0028242275376018588
-1.32825,1.814919162874757e-05,0.0029120267161046012,0.002930175907733349
-1.3265,1.3951386766210053e-05,0.0030247136437078115,0.0030386650304740216
-1.3247499999999999,1.0291133224428094e-05,0.0031393897823663378,0.003149680915590766
-1.323,7.175509730186418e-06,0.003256032808051813,0.003263208317781999
-1.32125,4.611390152515253e-06,0.0033746193417292622,0.0033792307318817774
-1.3195,2.605439015459932e-06,0.003495124949560056,0.003497730388575516
-1.31775,1.164107078946064e-06,0.003617524143555044,0.0036186882506339902
-1.3159999999999998,2.9362699015259405e-07,0.003741790382682051,0.0037420840096722033
-1.31425,9.00781921075562e-12,0.0038678960744311596,0.0038678960834389793
-1.3125,2.8903680186570197e-07,0.003995812576841957,0.003996101613643822
-1.3107499999999999,1.1662633307057757e-06,0.004125510200995909,0.004126676464326615
-1.309,2.6370067986029225e-06,0.004256958213977411,0.004259595220776014
-1.30725,4.706346695402158e-06,0.004390124842307002,0.004394831189002404
-1.3054999999999999,7.379119920946084e-06,0.004524977275849449,0.004532356395770394
-1.30375,1.065991699646102e-05,0.004661481672199948,0.004672141589196408
-1.3019999999999998,1.455307836517386e-05,0.004799603161551353,0.004814156239916528
-1.30025,1.9062690784395215e-05,0.004939305852044603,0.004958368542828998
-1.2985,2.4192583811275244e-05,0.005080552835605582,0.005104745419416856
-1.2967499999999998,2.9946326384418113e-05,0.005223306194270064,0.005253252520654483
-1.295,3.632722350349275e-05,0.005367527006999274,0.005403854230502767
-1.29325,4.3338313008976984e-05,0.005513175356988195,0.005556513669997171
-1.2914999999999999,5.0982362464111786e-05,0.005660210339468143,0.005711192701932255
-1.28975,5.92618661411275e-05,0.005808590070005471,0.005867851936146598
-1.2879999999999998,6.817904211376274e-05,0.005958271693298144,0.006026450735411907
-1.28625,7.773582945806628e-05,0.006109211392470965,0.0061869472219290315
-1.2845,8.793388556342996e-05,0.006261364398871374,0.006349298284434803
-1.2827499999999998,9.877458355578258e-05,0.006414685002366128,0.00651345958592191
-1.281,0.0001102590098347828,0.006569126562140134,0.006679385571974916
-1.27925,0.00012238796172692196,0.0067246415179980186,0.0068470294797249405
-1.2774999999999999,0.00013516194525624623,0.00688118140216871,0.007016343347424956
-1.27575,0.0001485811730345318,0.0070386968516135935,0.007187278024648126
-1.274,0.0001626455622725824,0.007197137620838153,0.007359783183110735
-1.2722499999999999,0.00017735473291435386,0.007356452595207273,0.007533807328121626
-1.2705,0.0001927080058954818,0.007516589804763493,0.007709297810658974
-1.2687499999999998,0.0002087044015278918,0.007677496438548541,0.007886200840076433
-1.267,0.00022534263801189585,0.007839118859426605,0.0080644614974385
-1.26525,0.00024262113007741674,0.008001402619409365,0.008244023749486781
-1.2634999999999998,0.0002605379877556418,0.008164292475481338,0.00842483046323698
-1.26175,0.00027909101528260464,0.008327732405924297,0.008606823421206902
-1.26,0.0002982777101359863,0.008491665627139877,0.008789943337275863
-1.2582499999999999,0.0003180952622064452,0.008656034610968269,0.008974129873174714
-1.2565,0.00033854055310471374,0.00882078110250141,0.009159321655606125
-1.25475,0.0003596101556056727,0.008985846138389158,0.009345456293994832
-1.253,0.00038130033323049035,0.009151170065635518,0.009532470398866007
-1.25125,0.0004036070399679761,0.009316692560883301,0.009720299600851277
-1.2494999999999998,0.00042652592013612677,0.009482352650184442,0.009908878570320568
-1.24775,0.00045005230838486256,0.009648088729253015,0.010098141037637877
-1.246,0.00047418122984086103,0.009813838584198617,0.010288019814039477
-1.2442499999999999,0.0004989074003953558,0.009979539412736386,0.010478446813131741
-1.2425,0.0005242252271356942,0.01014512784587075,0.010669353073006444
-1.24075,0.0005501288089214046,0.010310539970049446,0.01086066877897085
-1.2389999999999999,0.000576611937105476,0.010475711349783845,0.01105232328688932
-1.23725,0.0006036680964013944,0.010640577050731789,0.011244245147133182
-1.2355,0.0006312904658966639,0.010805071663239256,0.01143636212913592
-1.23375,0.0006594719202131125,0.010969129326335912,0.011628601246549025
-1.232,0.0006882050308145937,0.011132683752180612,0.011820888782995207
-1.2302499999999998,0.0007174820674623788,0.011295668250952033,0.012013150318414411
-1.2285,0.000747294999818572,0.011458015756179506,0.012205310755998079
-1.22675,0.0007776354991978154,0.011619658850509114,0.01239729434970693
-1.2249999999999999,0.0008084949404674914,0.01178052979189977,0.01258902473236726
-1.22325,0.0008398644040964442,0.011940560540243879,0.012780424944340323
-1.2214999999999998,0.000871734678352506,0.012099682784406854,0.012971417462759361
-1.21975,0.0009040962616485129,0.012257827969679811,0.013161924231328325
-1.218,0.0009369393650370783,0.012414927325639494,0.013351866690676572
-1.21625,0.0009702539148536918,0.0125709118944089,0.013541165809262592
-1.2145,0.001004029555508178,0.012725712559312657,0.013729742114820835
-1.21275,0.001038255652424038,0.01287926007392019,0.013917515726344228
-1.2109999999999999,0.0010729212951255975,0.013031485091470353,0.01410440638659595
-1.20925,0.0011080153004722336,0.013182318194670088,0.014290333495142322
-1.2075,0.001143526216039576,0.013331689925860422,0.014475216141899998
-1.2057499999999999,0.0011794423236468085,0.013479530817542232,0.01465897314118904
-1.204,0.0012157516430297145,0.013625771423254269,0.014841523066283984
-1.2022499999999998,0.0012524419356586792,0.01377034234879617,0.01502278428445485
-1.2005,0.0012895007087009285,0.013913174283787863,0.01520267499248879
-1.19875,0.0013269152191262132,0.01405419803355818,0.015381113252684393
-1.1969999999999998,0.0013646724779550583,0.014193344551353843,0.015558017029308901
-1.19525,0.0014027592546486192,0.014330544970860604,0.015733304225509222
-1.1935,0.0014411620816391576,0.014465730639028352,0.01590689272066751
-1.1917499999999999,0.001479867259000069,0.01459883314919086,0.01607870040819093
-1.19,0.0015188608592542029,0.014729784374471666,0.016248645233725868
-1.18825,0.0015581287323195017,0.014858516501467108,0.01641664523378661
-1.1864999999999999,0.0015976565105903675,0.014984962064196848,0.016582618574787215
-1.18475,0.0016374296141536608,0.015109053978313056,0.016746483592466718
-1.1829999999999998,0.0016774332561377803,0.015230725575558258,0.016908158831696038
-1.18125,0.0017176524481933716,0.015349910638462352,0.017067563086655725
-1.1795,0.0017580720061040965,0.015466543435268928,0.017224615441373027
-1.1777499999999999,0.0017986765555259166,0.015580558755080806,0.017379235310606724
-1.176,0.0018394505378530096,0.015691891943214683,0.017531342481067694
-1.17425,0.00188037821620889,0.01580047893675455,0.01768085715296344
-1.1724999999999999,0.001921443681560534,0.015906256300293367,0.017827699981853903
-1.17075,0.001962630858953929,0.01600916126185255,0.01797179212080648
-1.169,0.002003923513868937,0.016109131748968247,0.018113055262837185
-1.16725,0.0020453052586915273,0.0162061064249339,0.018251411683625426
-1.1655,0.0020867595593011784,0.016300024725187528,0.018386784284488707
-1.1637499999999998,0.002128269741771566,0.016390826893833355,0.01851909663560492
-1.162,0.002169818999181941,0.016478454020285527,0.018648273019467466
-1.16025,0.002211390398537368,0.016562848076023477,0.018774238474560844
-1.1584999999999999,0.002252966887795074,0.016643951951446634,0.01889691883924171
-1.15675,0.0022945313029948274,0.016721709492817337,0.019016240795812163
-1.155,0.00233606637549074,0.0167960655392798,0.019132131914770544
-1.1532499999999999,0.0023775547392819786,0.0168669659599436,0.019244520699225578
-1.1515,0.0024189789384398723,0.016934357691019374,0.019353336629459247
-1.14975,0.0024603214346287225,0.016998188772994728,0.01945851020762345
-1.148,0.002501564614717677,0.017058408387838425,0.019559973002556102
-1.14625,0.0025426907984808307,0.01711496689621991,0.01965765769470074
-1.1444999999999999,0.0025836822463828606,0.017167815874732397,0.019751498121115256
-1.14275,0.0026245211674472287,0.017216908153106725,0.019841429320553952
-1.141,0.0026651897272041104,0.01726219785140327,0.019927387578607382
-1.1392499999999999,0.0027056700557150206,0.01730364041716961,0.02000931047288463
-1.1375,0.002745944255671131,0.017341192662550728,0.020087136918221858
-1.1357499999999998,0.0027859944105622404,0.017374812801339304,0.020160807211901544
-1.134,0.002825802592913187,0.017404460485952972,0.02023026307886616
-1.13225,0.0028653508725846027,0.017430096844325466,0.020295447716910067
-1.1305,0.002904621325134747,0.017451684516698887,0.020356305841833632
-1.12875,0.0029435960402391134,0.017469187692303743,0.020412783732542857
-1.127,0.002982257130164567,0.017482572145913644,0.020464829276078213
-1.1252499999999999,0.0030205867382945405,0.017491805274261366,0.02051239201255591
-1.1235,0.003058567047701984,0.017496856132303184,0.020555423180005167
-1.12175,0.003096180289766504,0.01749769546931781,0.020593875759084314
-1.1199999999999999,0.003133408752832288,0.017494295764826976,0.020627704517659263
-1.11825,0.0031702347909031616,0.017486631264323822,0.020656866055226986
-1.1164999999999998,0.0032066408323713647,0.017474678014795922,0.020681318847167285
-1.11475,0.003242609388776196,0.01745841390002945,0.020701023288805645
-1.113,0.003278123063589141,0.017437818675680648,0.02071594173926979
-1.11125,0.0033131645610215,0.01741287400410167,0.02072603856512317
-1.1095,0.003347716694851053,0.017383563488906593,0.020731280183757646
-1.10775,0.0033817623972638004,0.01734987270926454,0.020731635106528336
-1.1059999999999999,0.00341528472770713,0.017311789253906,0.020727073981613133
-1.10425,0.0034482668817504246,0.017269302754829005,0.020717569636579426
-1.1025,0.003480692199949503,0.017222404920691468,0.02070309712064097
-1.10075,0.0035125441767106975,0.017171089569876063,0.02068363374658676
-1.099,0.0035438064691509386,0.017115352663214265,0.020659159132365202
-1.0972499999999998,0.003574462905949759,0.017055192336355746,0.020629655242305502
-1.0955,0.0036044974961893057,0.016990608931769877,0.020595106427959184
-1.09375,0.0036338944381783915,0.016921605030365553,0.020555499468543945
-1.092,0.003662638128256544,0.016848185482716042,0.020510823610972586
-1.09025,0.0036907131695741277,0.016770357439875316,0.020461070609449444
-1.0885,0.003718104380844352,0.016688130383772565,0.020406234764616914
-1.0867499999999999,0.003744796805063326,0.016601516157171235,0.02034631296223456
-1.085,0.0037707757181938465,0.01651052899317971,0.020281304711373557
-1.08325,0.0037960266378091073,0.016415185544299805,0.02021121218210891
-1.0815,0.0038205353316920045,0.016315504911000457,0.02013604024269246
-1.07975,0.0038442878263861124,0.01621150866980281,0.02005579649618892
-1.0779999999999998,0.0038672704156941357,0.016103220900864215,0.01997049131655835
-1.07625,0.003889469669119783,0.01599066821504753,0.019880137884167315
-1.0745,0.003910872440248889,0.01587387978046317,0.01978475222071206
-1.0727499999999999,0.003931465875065739,0.015752887348470974,0.019684353223536715
-1.071,0.003951237420200424,0.015627725279128764,0.01957896269932919
-1.0692499999999998,0.0039701748311031515,0.015498430566075312,0.019468605397178464
-1.0675,0.003988266180141369,0.01536504286083482,0.019353309040976187
-1.06575,0.004005499864615631,0.015227604496530527,0.01923310436114616
-1.064,0.004021864614690058,0.015086160510994807,0.019108025125684866
-1.06225,0.004037349501233364,0.014940758669263747,0.01897810817049711
-1.0605,0.004051943943566264,0.014791449485443846,0.01884339342901011
-1.0587499999999999,0.004065637717111353,0.014638286243938496,0.01870392396104985
-1.057,0.004078420960941219,0.01448132502002288,0.0185597459809641
-1.05525,0.004090284185220881,0.014320624699754684,0.01841090888497556
-1.0534999999999999,0.004101218278540467,0.014156246999209492,0.01825746527774996
-1.05175,0.004111214515134138,0.01398825648302916,0.018099470998163298
-1.0499999999999998,0.0041202645619812794,0.013816720582271253,0.017936985144252533
-1.04825,0.004128360485786,0.013641709611549062,0.01777007009733506
-1.0465,0.004135494759830971,0.01346329678545019,0.01759879154528116
-1.04475,0.004141660270701734,0.013281558234223311,0.017423218504925043
-1.043,0.0041468503248775854,0.013096573018721929,0.017243423343599514
-1.04125,0.004151058655185128,0.012908423144594639,0.017059481799779768
-1.0394999999999999,0.004154279427110781,0.012717193575711041,0.01687147300282182
-1.03775,0.004156507244968307,0.012522972246813402,0.01667947949178171
-1.036,0.0041577371579177725,0.012325850075383381,0.016483587233301154
-1.03425,0.004157964665832051,0.01212592097271422,0.016283885638546273
-1.0325,0.004157185725007349,0.011923281854178448,0.016080467579185798
-1.0307499999999998,0.004155396753713993,0.011718032648681067,0.01587342940239506
-1.029,0.0041525946375839465,0.011510276307289556,0.0156628709448735
-1.02725,0.004148776734831514,0.01130011881103048,0.015448895545861993
-1.0255,0.004143940881303658,0.011087669177844624,0.015231610059148281
-1.02375,0.004138085395356564,0.010873039468690724,0.01501112486404729
-1.022,0.004131209082554964,0.010656344792790373,0.014787553875345336
-1.0202499999999999,0.004123311240190904,0.010437703312004235,0.014561014552195136
-1.0185,0.004114391661618647,0.01021723624433266,0.014331627905951307
-1.01675,0.004104450640402455,0.009995067866531815,0.01409951850693427
-1.015,0.004093488974274024,0.009771325515837762,0.013864814490111786
-1.01325,0.004081507968896558,0.009546139590791319,0.013627647559687877
-1.0114999999999998,0.004068509441432184,0.009319643551155377,0.013388152992587561
-1.00975,0.004054495723909978,0.009091973916918895,0.013146469640828874
-1.008,0.00403946966639135,0.00886327026637937,0.01290273993277072
-1.00625,0.004023434639930189,0.008633675233298095,0.012657109873228283
-1.0045,0.0040063945393247185,0.008403334503121376,0.012409729042446095
-1.00275,0.003988353785658437,0.008172396808261782,0.012160750593920218
-1.001,0.0039693173286274135,0.00794101392243301,0.011910331251060424
-0.99925,0.00394929064865138,0.007709340654033641,0.011658631302685022
-0.9974999999999999,0.003928279758765973,0.007477534838573335,0.011405814597339308
-0.9957499999999999,0.003906291206293805,0.007245757330137188,0.011152048536430995
-0.994,0.003883332074291832,0.007014171991883053,0.010897504066174884
-0.99225,0.003859409982772845,0.006782945685566844,0.01064235566833969
-0.9904999999999999,0.0038345330896987218,0.00655224826009224,0.010386781349790963
-0.98875,0.0038087100917433892,0.006322252539080228,0.010130962630823618
-0.9869999999999999,0.0037819502248233783,0.006093134307454464,0.009875084532277844
-0.98525,0.003754263264393971,0.005865072297039777,0.009619335561433748
-0.9834999999999999,0.003725659525509097,0.005638248171169533,0.009363907696678631
-0.9817499999999999,0.0036961498626430873,0.00541284650829975,0.009108996370942837
-0.98,0.003665745669272618,0.005189054784626777,0.008854800453899395
-0.97825,0.0036344588772171432,0.00496706335570631,0.008601522232923453
-0.9764999999999999,0.0036023019557363655,0.0047470654370717225,0.008349367392808088
-0.97475,0.0035692879103831248,0.004529257083849705,0.00809854499423283
-0.973,0.003535430281610521,0.004313837169371858,0.00784926745098238
-0.97125,0.0035007431431318473,0.0041010073627808265,0.007601750505912674
-0.9695,0.003465241100032235,0.003890972105630481,0.007356213205662716
-0.9677499999999999,0.0034289392866308933,0.0036839385874786403,0.007112877874109533
-0.966,0.0033918533640929856,0.0034801167204731812,0.006871970084566167
-0.9642499999999999,0.0033539995177902055,0.0032797191129303074,0.006633718630720513
-0.9624999999999999,0.003315394454409328,0.0030829610419061794,0.0063983554963155075
-0.96075,0.0032760553988079606,0.0028900604247620704,0.0061661158235700305
-0.959,0.0032360000906169837,0.0027012377897237174,0.005937237880340701
-0.9572499999999999,0.003195246780589184,0.0025167162454365877,0.005711963026025772
-0.9555,0.0031538142266936057,0.002336721449518243,0.005490535676211849
-0.9537499999999999,0.003111721689955474,0.002161481576109406,0.005273203266064881
-0.952,0.003068988930041427,0.0019912272824264797,0.005060216212467906
-0.95025,0.003025636200589973,0.0018261916743171325,0.0048518278749071055
-0.9484999999999999,0.0029816842442872706,0.00166661027082242,0.004648294515109691
-0.94675,0.002937154287688378,0.0015127209677481422,0.00444987525543652
-0.945,0.0028920680357840856,0.0013647640002486905,0.004256832036032776
-0.9432499999999999,0.00284644766631391,0.0012229819044274198,0.00406942957074133
-0.9415,0.002800315823825494,0.0010876194779573457,0.0038879353017828404
-0.93975,0.0027536956134811344,0.000958923739726375,0.0037126193532075096
-0.938,0.002706610594612117,0.0008371438885119221,0.0035437544831240387
-0.93625,0.0026590847740215113,0.0007225312606898176,0.003381616034711329
-0.9344999999999999,0.002611142599036537,0.0006153392869825612,0.003226481886019098
-0.93275,0.0025628089503113775,0.0005158234482528286,0.003078632398564206
-0.9309999999999999,0.0025141091343815775,0.0004242412303478206,0.0029383503647293983
-0.9292499999999999,0.0024650688759713852,0.0003408520780008749,0.00280592095397226
-0.9275,0.0024157143100551936,0.0002659173477968428,0.002681631657852036
-0.92575,0.0023660719736747454,0.0001997002602078898,0.0025657722338826355
-0.9239999999999999,0.0023161687975135933,0.00014246585070714162,0.002458634648220735
-0.92225,0.0022660320972304098,9.448091996751684e-05,0.0023605130171979265
-0.9205,0.002215689564553181,5.6013983153436017e-05,0.002271703547706617
-0.91875,0.002165169258135966,2.7335218313726497e-05,0.0021925044764496927
-0.917,0.0021144995941804016,8.71641388394904e-06,0.002123216008064351
-0.9152499999999999,0.002063709336824019,4.309153069355596e-07,0.002064140252130955
-0.9135,0.0020128275882976914,2.753570780578835e-06,0.0020155811590782708
-0.91175,0.0019618837788545154,1.5960676142181957e-05,0.0019778444549966973
-0.9099999999999999,0.001910907656472641,4.032991889903312e-05,0.0019512375753716743
-0.90825,0.0018599292763346535,7.614032141513516e-05,0.0019360695977497888
-0.9065,0.001808978990086169,0.00012367218326437507,0.001932651173350544
-0.9047499999999999,0.001758087434876561,0.0001832070227606703,0.0019412944576372314
-0.903,0.0017072855221845686,0.0002550275176759033,0.001962313039860472
-0.9012499999999999,0.001656604426432025,0.0003394174451569467,0.0019960218715889717
-0.8995,0.0016060755733887581,0.00043666162085299496,0.002042737194241753
-0.8977499999999999,0.0015557306283718547,0.0005470458372652409,0.0021027764656370955
-0.8959999999999999,0.0015056014842428646,0.0006708568013306782,0.002176458285573543
-0.89425,0.0014557202492061691,0.0008083820712524296,0.0022641023204585985
-0.8925,0.0014061192344123118,0.0009599099925894405,0.0023660292270017524
-0.8907499999999999,0.0013568309413699163,0.0011257296336180565,0.0024825605749879726
-0.889,0.0013078880491699,0.0013061307199789423,0.0026140187691488423
-0.88725,0.0012593234015260656,0.0015014035686228275,0.0027607269701488933
-0.8855,0.0012111699936359886,0.0017118390210686468,0.0029230090147046354
-0.8837499999999999,0.001163460958866257,0.001937728375988128,0.0031011893348543854
-0.882,0.0011162295552664848,0.002179363321131383,0.003295592876397868
-0.88025,0.0010695091519161805,0.002437035864607726,0.003506545016523906
-0.8785,0.0010233332151091076,0.002711038265536563,0.0037343714806456706
-0.8767499999999999,0.000977735294379579,0.0030016629640839524,0.003979398258463531
-0.875,0.0009327490083752526,0.003309202510899263,0.004241951519274516
-0.87325,0.0008884080305812973,0.0036339494959686364,0.004522357526549934
-0.8714999999999999,0.0008447460749006721,0.003976196476900151,0.004820942551800824
-0.8697499999999999,0.0008017968810953857,0.004336235906657157,0.005138032787752544
-0.868,0.0007595942000939261,0.0047143600607566696,0.005473954260850596
-0.86625,0.000718171779169757,0.005110860963948315,0.005829032743118072
-0.8644999999999999,0.0006775633469962807,0.005526030316391557,0.006203593663387837
-0.86275,0.0006378025985834246,0.005960159419348016,0.00659796201793144
-0.861,0.0005989231801013088,0.006413539100406162,0.00701246228050747
-0.85925,0.0005609586735964232,0.0068864596382554,0.007447418311851823
-0.8574999999999999,0.0005239425816059391,0.0073792106870286785,0.007903153268634618
-0.85575,0.00048790831167571053,0.007892081200229642,0.008379989511905354
-0.854,0.0004528891607877565,0.008425359354264406,0.008878248515052162
-0.85225,0.00041891829970304705,0.008979332471594978,0.009398250771298024
-0.8504999999999999,0.00038602875722538424,0.009554286943533205,0.00994031570075859
-0.84875,0.000354253404392504,0.010150508152695003,0.010504761557087508
-0.847,0.0003236249386002693,0.01076828039513227,0.011091905333732539
-0.84525,0.00029417586766621604,0.011407886802162558,0.011702062669828775
-0.8434999999999999,0.000265938493838587,0.012069609261916468,0.012335547755755053
-0.84175,0.00023894489775707514,0.012753728340620277,0.012992673238377354
-0.84,0.00021322692237169807,0.013460523203636252,0.01367375012600795
-0.8382499999999999,0.00018881615682615356,0.014190271536277962,0.014379087693104116
-0.8365,0.00016574392031209142,0.014943249464422017,0.015108993384734109
-0.83475,0.00014404124590090248,0.015719731474936674,0.015863772720837575
-0.833,0.00012373886435957174,0.01651999033594665,0.016643729200306222
-0.8312499999999999,0.00010486718795721531,0.01734429701695477,0.017449164204911986
-0.8295,8.745629426908842e-05,0.018192920608842783,0.01828037690311187
-0.82775,7.15359099847259e-05,0.01906612824376962,0.019137664153754345
-0.826,5.713539472710716e-05,0.01996418501498914,0.02002132040971625
-0.8242499999999999,4.4283724889669757e-05,0.020887353896609968,0.020931637621499636
-0.8225,3.3009477498065944e-05,0.021835895663315,0.021868905140813067
-0.82075,2.334081410366325e-05,0.02281006881006602,0.022833409624169684
-0.819,1.5305464715743602e-05,0.023810129471811287,0.02382543493652703
-0.8172499999999999,8.930711779458682e-06,0.024836331343219505,0.02484526205499896
-0.8155,4.243374206623665e-06,0.025888925598461884,0.02589316897266851
-0.81375,1.269791466440042e-06,0.02696816081106258,0.026969430602529022
-0.8119999999999999,3.58077433189007e-08,0.028074282873840506,0.028074318681583825
-0.81025,5.667561689613185e-07,0.029207534918964197,0.029208101675133154
-0.8085,2.887443135910265e-06,0.03036815723814141,0.03037104468127732
-0.80675,7.022132699803051e-06,0.03155638720296439,0.03156340933566419
-0.8049999999999999,1.2994531077572103e-05,0.03277245918543638,0.03278545371651395
-0.80325,2.08277712488794e-05,0.034016604478695915,0.03403743224994479
-0.8015,3.054439766806475e-05,0.03528905121796741,0.035319595615635475
-0.79975,4.216635109391352e-05,0.03659002430175426,0.03663219065284818
-0.7979999999999999,5.5714953544586805e-05,0.037919745313301334,0.03797546026684592
-0.79625,7.12108933849983e-05,0.03927843244234634,0.039349643335731335
-0.7945,8.86742105540298e-05,0.04066630040718394,0.04075497461773797
-0.79275,0.00010812428193887718,0.04208356037706337,0.04219168465900225
-0.7909999999999999,0.00012957980690388366,0.043530419894943544,0.043659999701847425
-0.78925,0.00015305879298123352,0.04500708280062709,0.04516014159360832
-0.7875,0.00017857854173078814,0.04651374915429545,0.04669232769602624
-0.78575,0.00020615563477641703,0.048050615160467845,0.048256770795244264
-0.784,0.00023580592002618367,0.04961787309240626,0.04985367901243245
-0.78225,0.00026754449808362365,0.05121571121698892,0.05148325571507255
-0.7805,0.00030138570885743346,0.05284431372007353,0.053145699428930965
-0.7787499999999999,0.00033734311837690554,0.05450386063237407,0.05484120375075098
-0.777,0.0003754295058202272,0.056194527755871894,0.05656995726169212
-0.77525,0.0004156568507630357,0.057916486590784896,0.05833214344154793
-0.7735,0.0004580363206542905,0.059669904263114075,0.060127940583768365
-0.7717499999999999,0.0005025782585266872,0.06145494345279274,0.06195752171131942
-0.77,0.0005492921709488195,0.06327176232245779,0.06382105449340661
-0.76825,0.0005981867162260486,0.06512051444686735,0.06571870116309342
-0.7665,0.0006492696928572741,0.06700134874298291,0.06765061843584019
-0.7647499999999999,0.0007025480282545817,0.0689144094007418,0.06961695742899639
-0.763,0.0007580277677326813,0.07085983581453897,0.07161786358227165
-0.76125,0.000815714063775233,0.07283776251544018,0.07365347657921541
-0.7595,0.0008756111655847298,0.07484831910414858,0.0757239302697333
-0.7577499999999999,0.0009377224089229383,0.07689163018474499,0.07782935259366792
-0.756,0.001002050206248567,0.0789678152992237,0.07996986550547226
-0.75425,0.001068596037158946,0.08107698886284559,0.08214558490000452
-0.7525,0.0011373604391422387,0.0832192601003269,0.08435662053946914
-0.75075,0.0012083429986469898,0.08539473298288706,0.08660307598153406
-0.749,0.0012815423424752843,0.08760350616617635,0.08888504850865163
-0.74725,0.0013569561295060796,0.08984567292909988,0.09120262905860596
-0.7454999999999999,0.0014345810427551858,0.09212132111356389,0.09355590215631908
-0.74375,0.0015144127817778954,0.09443053306515999,0.09594494584693788
-0.742,0.0015964460554208453,0.09677338557481019,0.09836983163023104
-0.74025,0.0016806745749289368,0.09914994982138978,0.10083062439631871
-0.7384999999999999,0.0017670910474134676,0.1015602913153504,0.10332738236276386
-0.73675,0.0018556871696875738,0.1040044698433611,0.10586015701304867
-0.735,0.0019464536224746076,0.10648253941398748,0.1084289930364621
-0.73325,0.0020393800649953194,0.10899454820442629,0.11103392826942161
-0.7314999999999999,0.002134455129939709,0.11154053850831651,0.11367499363825621
-0.72975,0.0022316664188287076,0.11412054668464398,0.11635221310347268
-0.728,0.0023310004977716773,0.11673460310775911,0.11906560360553078
-0.72625,0.0024324428936246378,0.1193827321185233,0.12181517501214793
-0.7245,0.002535978090554713,0.12206495197660565,0.12460093006716036
-0.72275,0.002641589527016045,0.12478127481394537,0.1274228643409614
-0.721,0.002749259593141948,0.1275317065893962,0.13028096618253812
-0.71925,0.0028589696285583562,0.13031624704457334,0.1331752166731317
-0.7175,0.0029706999206235373,0.13313488966091688,0.1361055895815404
-0.71575,0.0030844297030984034,0.1359876216179896,0.139072051321088
-0.714,0.0032001371552523032,0.1388744237530254,0.1420745609082777
-0.7122499999999999,0.0033177994014085346,0.14179527052174434,0.14511306992315287
-0.7105,0.003437392510933971,0.1447501299604494,0.14818752247138336
-0.70875,0.0035588914986769827,0.14773896364942363,0.15129785514810062
-0.707,0.003682270325857584,0.15076172667763696,0.15444399700349454
-0.7052499999999999,0.0038075019014138668,0.15381836760878362,0.1576258695101975
-0.7035,0.003934558083808383,0.15690882844866264,0.16084338653247102
-0.70175,0.004063409683298166,0.16003304461391388,0.16409645429721204
-0.7,0.004194026464671731,0.1631909449021258,0.16738497136679753
-0.69825,0.004326377150456667,0.16638245146332864,0.1707088286137853
-0.6965,0.004460429424600739,0.16960747977288645,0.17406790919748721
-0.69475,0.004596149936629591,0.17286593860579752,0.17746208854242712
-0.693,0.0047335043062842145,0.17615773001242274,0.18089123431870693
-0.69125,0.004872457128640366,0.17948274929564753,0.18435520642428788
-0.6895,0.005012971979713234,0.18284088498949408,0.18785385696920728
-0.68775,0.005155011422549084,0.18623201883919147,0.19138703026174053
-0.6859999999999999,0.005298537013806485,0.1896560257827215,0.19495456279652798
-0.68425,0.005443509310829387,0.19311277393384188,0.19855628324467126
-0.6825,0.00558988787921357,0.19660212456660633,0.2021920124458199
-0.68075,0.005737631300868403,0.20012393210138754,0.20586156340225595
-0.6789999999999999,0.00588669718257583,0.2036780440924118,0.20956474127498764
-0.67725,0.006037042165047364,0.20726430121681885,0.2133013433818662
-0.6755,0.006188621932481078,0.21088253726525277,0.21707115919773387
-0.67375,0.006341391222619102,0.21453257913399332,0.2208739703566124
-0.6719999999999999,0.00649530383730674,0.21821424681863752,0.22470955065594425
-0.67025,0.006650312653554243,0.2219273534093379,0.22857766606289215
-0.6685,0.006806369635101248,0.2256717050876069,0.23247807472270812
-0.66675,0.0069634258444846425,0.22944710112469172,0.2364105269691764
-0.665,0.007121431455610041,0.2332533338815298,0.24037476533713983
-0.66325,0.007280335766826782,0.2370901888102891,0.24437052457711586
-0.6615,0.007440087214506237,0.24095744445749964,0.24839753167200587
-0.65975,0.007600633387123297,0.24485487246878482,0.2524555058559081
-0.658,0.007761921039840374,0.24878223759519058,0.256544158635031
-0.65625,0.007923896109593136,0.25273929770112674,0.26066319381071984
-0.6545,0.008086503730677286,0.25672580377391635,0.26481230750459367
-0.6527499999999999,0.008249688250834962,0.2607414999349637,0.26899118818579865
-0.651,0.008413393247839965,0.26478612345253943,0.2731995167003794
-0.64925,0.00857756154657987,0.26885940475619013,0.27743696630277004
-0.6475,0.008742135236633489,0.27296106745277116,0.28170320268940463
-0.6457499999999999,0.008907055690342251,0.2770908283441086,0.28599788403445087
-0.644,0.009072263581372666,0.28124839744628927,0.2903206610276619
-0.64225,0.009237698903768484,0.2854334780105856,0.2946711769143541
-0.6405,0.009403300991489474,0.28964576654600577,0.2990490675374953
-0.63875,0.009569008538434495,0.2938849528434828,0.3034539613819173
-0.637,0.009734759618946156,0.29815072000169335,0.30788547962063945
-0.63525,0.009900491708793759,0.30244274445450997,0.31234323616330373
-0.6335,0.010066141706631414,0.30676069600008404,0.3168268377067155
-0.63175,0.010231645955928233,0.3111042378315622,0.32133588378749045
-0.63,0.010396940267366605,0.31547302656942877,0.32586996683679537
-0.62825,0.01056195994170475,0.3198667122954779,0.33042867223718264
-0.6265,0.010726639793100255,0.3242849385884094,0.3350115783815097
-0.62475,0.010890914172889246,0.3287273425610458,0.3396182567339351
-0.623,0.011054716993818164,0.33319355489917163,0.3442482718929898
-0.62125,0.011217981754722384,0.33768319990198253,0.348901181656705
-0.6194999999999999,0.011380641565647623,0.3421958955241481,0.3535765370897957
-0.61775,0.011542629173409182,0.34673125341948097,0.3582738825928901
-0.616,0.011703876987583385,0.351288878986208,0.3629927559737914
-0.61425,0.011864317106926378,0.35586837141383193,0.3677326885207583
-0.6125,0.012023881346214614,0.360469323731589,0.37249320507780365
-0.61075,0.012182501263501065,0.36509132285848783,0.3772738241219889
-0.609,0.01234010818778163,0.36973394965492173,0.3820740578427034
-0.60725,0.01249663324706537,0.3743967789758551,0.38689341222292045
-0.6055,0.012652007396842344,0.37907937972556754,0.3917313871224099
-0.60375,0.012806161448942607,0.3837813149139555,0.39658747636289804
-0.602,0.012959026100779735,0.38850214171437397,0.4014611678151537
-0.60025,0.013110531964971785,0.39324141152301806,0.4063519434879898
-0.5985,0.013260609599333041,0.39799867001983036,0.4112592796191634
-0.59675,0.013409189537229034,0.40277345723092506,0.4161826467681541
-0.595,0.013556202318287388,0.40756530759251786,0.42112150991080527
-0.5932499999999999,0.013701578519457304,0.41237375001635007,0.4260753285358074
-0.5915,0.013845248786409333,0.41719830795660545,0.43104355674301476
-0.58975,0.013987143865268043,0.4220384994782896,0.4360256433435576
-0.588,0.014127194634669124,0.42689383732707753,0.44102103196174663
-0.58625,0.014265332138132645,0.4317638290006092,0.44602916113874186
-0.5845,0.014401487616744308,0.43664797682122053,0.45104946443796484
-0.58275,0.01453559254213558,0.44154577801009637,0.45608137055223197
-0.581,0.014667578649754239,0.4464567247628366,0.46112430341259086
-0.57925,0.014797377972416354,0.4513803043264129,0.4661776822988293
-0.5775,0.014924922874130326,0.4563159990775125,0.47124092195164285
-0.57575,0.015050146084183787,0.461263286602242,0.47631343268642573
-0.574,0.015172980731484063,0.46622163977718567,0.4813946205086697
-0.57225,0.015293360379142265,0.471190526851803,0.4864838872309453
-0.5705,0.01541121905929152,0.4761694115321364,0.49158063059142787
-0.56875,0.015526491308129118,0.4811577530658326,0.49668424437396175
-0.567,0.01563911220117261,0.48615500632844283,0.5017941185296154
-0.56525,0.01574901738871985,0.49116062191099646,0.5069096392997163
-0.5635,0.01585614313150201,0.49617404620882605,0.5120301893403281
-0.56175,0.015960426336519607,0.5011947215116261,0.5171551478481459
-0.56,0.016061804593050587,0.5062220860947257,0.5222838906877764
-0.55825,0.01616021620881963,0.5112555743115644,0.5274157905203841
-0.5565,0.01625560024631787,0.5162946166873382,0.5325502169336561
-0.55475,0.01634789655926173,0.5213386400138117,0.5376865365730734
-0.553,0.016437045829179753,0.5263870674452653,0.5428241132744451
-0.55125,0.016522989602116313,0.5314393185955654,0.5479623081976817
-0.5495,0.016605670325440264,0.5364948096363299,0.5531004799617701
-0.54775,0.016685031384747136,0.5415529533961748,0.5582379847809219
-0.546,0.016761017140843455,0.5466131594610165,0.56337417660186
-0.54425,0.016833572966800936,0.551674834275414,0.568508407242215
-0.5425,0.01690264528506858,0.5567373812449196,0.5736400265299881
-0.54075,0.016968181604631136,0.5618002008394267,0.5787683824440579
-0.539,0.01703013055820123,0.5668626906974874,0.5838928212556886
-0.53725,0.017088441939433062,0.571924245731576,0.589012687671009
-0.5355,0.01714306674014548,0.5769842582342791,0.5941273249744247
-0.53375,0.017193957187541648,0.5820421179853872,0.5992360751729289
-0.532,0.017241066781413163,0.5870972123598627,0.6043382791412758
-0.53025,0.01728435033131556,0.5921489264366668,0.6094332767679824
-0.5285,0.017323763993702675,0.5971966431084124,0.6145204071021151
-0.52675,0.01735926530900736,0.6022397431918249,0.6195990085008324
-0.525,0.017390813238654976,0.6072776055389886,0.6246684187776436
-0.52325,0.01741836820199733,0.6123096071493425,0.6297279753513398
-0.5215,0.0174418921131538,0.6173351232824159,0.6347770153955697
-0.51975,0.017461348417746478,0.6223535275712663,0.6398148759890128
-0.518,0.017476702129516374,0.6273641921366014,0.6448408942661179
-0.51625,0.017487919866807245,0.6323664877015529,0.6498544075683602
-0.5145,0.017494969888904012,0.6373597837070833,0.6548547535959873
-0.51275,0.017497822132212223,0.6423434484279961,0.6598412705602082
-0.511,0.017496448246265485,0.6473168490895227,0.6648132973357882
-0.50925,0.017490821629547154,0.6522793519844572,0.6697701736140044
-0.5075,0.017480917465113023,0.6572303225908175,0.6747112400559306
-0.50575,0.017466712756001646,0.6621691256900064,0.6796358384460081
-0.504,0.01744818636041847,0.6670951254854356,0.684543311845854
-0.50225,0.017425319026680586,0.6720076857215959,0.6894330047482764
-0.5005000000000001,0.01739809342790839,0.676906169803543,0.6943042632314514
-0.49875,0.017366494196450564,0.6817899409167696,0.6991564351132202
-0.497,0.01733050795802901,0.6866583621474357,0.7039888701054647
-0.49524999999999997,0.017290123365589792,0.6915107966029316,0.7088009199685213
-0.49350000000000005,0.01724533113284708,0.6963466075327461,0.7135919386655932
-0.49175,0.017196124067505786,0.7011651584496078,0.7183612825171135
-0.49,0.01714249710415,0.7059658132508705,0.7231083103550205
-0.48824999999999996,0.01708444733678327,0.7107479363401268,0.7278323836769099
-0.48650000000000004,0.01702197405100734,0.7155108927489985,0.7325328668000058
-0.48475,0.01695507875582569,0.7202540482591009,0.7372091270149267
-0.483,0.016883765215058584,0.7249767695241303,0.7418605347391888
-0.48124999999999996,0.01680803947835597,0.7296784241920589,0.7464864636704148
-0.47950000000000004,0.01672790991179491,0.7343583810274072,0.7510862909392022
-0.47775,0.016643387228047993,0.7390160100335582,0.7556593972616062
-0.476,0.01655448451610975,0.7436506825750873,0.760205167091197
-0.47425000000000006,0.016461217270567135,0.7482617715000865,0.7647229887706537
-0.47250000000000003,0.016363603420401496,0.7528486512624422,0.7692122546828437
-0.47075,0.016261663357308477,0.7574106980440418,0.7736723614013503
-0.469,0.016155419963522554,0.7619472898768833,0.7781027098404059
-0.46725000000000005,0.016044898639133668,0.7664578067650555,0.7825027054041891
-0.4655,0.015930127328882365,0.7709416308065608,0.7868717581354432
-0.46375,0.015811136548421034,0.7753981463149453,0.7912092828633664
-0.46199999999999997,0.015687959410028072,0.7798267399407208,0.7955146993507489
-0.46025000000000005,0.015560631647762193,0.7842268007925328,0.799787432440295
-0.4585,0.015429191642044562,0.7885977205580614,0.804026912200106
-0.45675,0.015293680443655812,0.7929388936246076,0.8082325740682634
-0.45499999999999996,0.015154141797135699,0.7972497171993598,0.8124038589964956
-0.45325000000000004,0.015010622163572816,0.8015295914292828,0.8165402135928557
-0.4515,0.014863170742772398,0.8057779195206275,0.8206410902633999
-0.44975,0.014711839494789746,0.8099941078580158,0.8247059473528056
-0.44799999999999995,0.014556683160817522,0.8141775661230725,0.82873424928389
-0.44625000000000004,0.014397759283414788,0.8183277074125833,0.8327254666959982
-0.4445,0.014235128226066072,0.8224439483561459,0.8366790765822119
-0.44275,0.014068853192059028,0.8265257092332815,0.8405945624253405
-0.44100000000000006,0.013899000242668593,0.830572414089987,0.8444714143326556
-0.43925000000000003,0.013725638314637025,0.8345834908546904,0.8483091291693274
-0.4375,0.013548839236938084,0.8385583714535845,0.8521072106905226
-0.43574999999999997,0.01336867774681419,0.8424964919253172,0.8558651696721313
-0.43400000000000005,0.013185231505076205,0.8463972925349967,0.859582524040073
-0.43225,0.01299858111065432,0.8502602178874972,0.8632587989981515
-0.4305,0.012808810114390036,0.8540847170400259,0.8668935271544158
-0.42874999999999996,0.012616005032058637,0.8578702436139355,0.8704862486459942
-0.42700000000000005,0.01242025535661144,0.8616162559057408,0.8740365112623523
-0.42525,0.012221653569628482,0.8653222169973258,0.8775438705669543
-0.4235,0.012020295151971274,0.8689875948653051,0.8810078900172763
-0.42174999999999996,0.01181627859362561,0.8726118624895135,0.884428141083139
-0.42000000000000004,0.011609705402725734,0.8761944979606023,0.8878042033633281
-0.41825,0.011400680113749532,0.8797349845867103,0.8911356647004598
-0.4165,0.011189310294876284,0.8832328109991847,0.894422121294061
-0.41475000000000006,0.010975706554497913,0.8866874712573256,0.8976631778118235
-0.41300000000000003,0.010759982546874356,0.8900984649521327,0.9008584474990072
-0.41125,0.01054225497692556,0.8934652973090194,0.9040075522859449
-0.4095,0.010322643604150797,0.8967874792894713,0.9071101228936221
-0.40775000000000006,0.01010127124566769,0.9000645276916396,0.9101657989373073
-0.406,0.009878263778363013,0.9032959652498115,0.9131742290281746
-0.40425,0.009653750140147382,0.9064813207327714,0.9161350708729188
-0.40249999999999997,0.00942786233030651,0.9096201290409969,0.9190479913713033
-0.40075000000000005,0.009200735408941887,0.9127119313026795,0.9219126667116214
-0.399,0.008972507495493649,0.9157562749685537,0.9247287824640473
-0.3972500000000001,0.008743319766339163,0.9187527139054867,0.9274960336718259
-0.39549999999999996,0.008513316451460551,0.9217008084888353,0.9302141249402959
-0.39375000000000004,0.008282644830175313,0.9246001256935185,0.9328827705236937
-0.3919999999999999,0.008051455225923177,0.9274502391838095,0.9355016944097327
-0.39025,0.007819901000104677,0.930250729401798,0.9380706304019026
-0.38850000000000007,0.0075881385449645495,0.9330011836545281,0.9405893221994927
-0.3867499999999999,0.007356327275515838,0.9357011961997621,0.943057523475278
-0.385,0.007124629620499107,0.9383503683303748,0.9454749979508739
-0.3832500000000001,0.006893211012372023,0.9409483084573369,0.947841519469709
-0.38149999999999995,0.00666223987632511,0.9434946321912809,0.9501568720676061
-0.37975000000000003,0.006431887618319477,0.9459889624226168,0.9524208500409362
-0.3780000000000001,0.0062023286121420445,0.9484309294001869,0.9546332580123289
-0.37625,0.005973740185475433,0.950820170808441,0.9567939109939164
-0.37450000000000006,0.005746302604978649,0.9531563318430969,0.9589026344480756
-0.3727499999999999,0.00552019906037525,0.9554390652852921,0.9609592643456674
-0.371,0.005295615647546987,0.9576680315741839,0.962963647221731
-0.3692500000000001,0.0050727413506293575,0.9598428988779956,0.9649156402286249
-0.36749999999999994,0.004851768023107721,0.9619633431634836,0.9668151111865914
-0.36575,0.004632890367911625,0.9640290482638126,0.9686619386317242
-0.3640000000000001,0.00441630591650541,0.9660397059448135,0.9704560118613188
-0.36224999999999996,0.004202215006974403,0.9679950159696197,0.9721972309765942
-0.36050000000000004,0.003990820761104997,0.9698946861616526,0.9738855069227577
-0.3587500000000001,0.0037823290604582,0.9717384324659508,0.9755207615264091
-0.357,0.003576948521435935,0.9735259790088207,0.9771029275302566
-0.35525000000000007,0.0033748904693402543,0.9752570581557957,0.978631948625136
-0.3534999999999999,0.003176368911425172,0.9769314105678918,0.9801077794793169
-0.35175,0.0029816005089418523,0.9785487852561434,0.9815303857650852
-0.3500000000000001,0.002790804548177803,0.9801089396344003,0.9828997441825781
-0.34824999999999995,0.002604202910490951,0.9816116395703814,0.9842158424808723
-0.34650000000000003,0.0024220200413404315,0.983056659434972,0.9854786794763125
-0.3447500000000001,0.0022444829183149765,0.9844437821497383,0.9866882650680533
-0.34299999999999997,0.002071821018161625,0.9857727992326674,0.9878446202508291
-0.34125000000000005,0.0019042662828167441,0.9870435108421075,0.9889477771249243
-0.3394999999999999,0.0017420530844416216,0.9882557258188976,0.9899977789033393
-0.33775,0.001585418189466249,0.9894092617266843,0.9909946799161505
-0.3360000000000001,0.0014346007216437787,0.9905039448904076,0.9919385456120514
-0.33424999999999994,0.0012898421241197024,0.991539610432949,0.9928294525570687
-0.3325,0.0011513861205195062,0.9925161023099337,0.9936674884304532
-0.3307500000000001,0.0010194786750585823,0.9934332733426742,0.9944527520177328
-0.32899999999999996,0.0008943679516794771,0.9942909852492545,0.995185353200934
-0.32725000000000004,0.0007763042722209173,0.9950891086737351,0.9958654129459561
-0.3255000000000001,0.0006655400736236144,0.9958275232134828,0.9964930632871064
-0.32375,0.0005623298641786637,0.9965061174446173,0.9970684473087958
-0.32200000000000006,0.0004669301788239946,0.9971247889455528,0.9975917191243768
-0.3202499999999999,0.00037959953349493166,0.9976834443186555,0.9980630438521505
-0.3185,0.0003005983785354714,0.9981819992099857,0.9984825975885211
-0.3167500000000001,0.0002301890511766718,0.9986203783271348,0.9988505673783113
-0.31499999999999995,0.000168635727089405,0.9989985154551476,0.999167151182237
-0.31325000000000003,0.00011620437101868602,0.9993163534705276,0.9994325578415464
-0.3115000000000001,7.316268650717754e-05,0.9995738443533165,0.9996470070398237
-0.30974999999999997,3.9780064715912346e-05,0.9997709491972573,0.9998107292619731
-0.30800000000000005,1.6327532350461515e-05,0.9999076382180174,0.9999239657503679
-0.30625000000000013,3.0776987010525042e-06,0.999983890759497,0.999986968458198
-0.3045,3.0470180563363084e-07,0.9999996952981943,1.0
-0.3027500000000001,8.28415374498717e-06,0.9999550494456458,0.9999633335993908
-0.30099999999999993,2.729308507943208e-05,0.9998499599489302,0.9998772530340096
-0.29925,5.7609888436891184e-05,0.9996844426892436,0.9997420525776805
-0.2975000000000001,9.951426126248343e-05,0.9994585226785367,0.9995580369397993
-0.29574999999999996,0.00015328714773998723,0.9991722340542241,0.999325521201964
-0.29400000000000004,0.00021921067989592605,0.9988256200719628,0.9990448307518588
-0.2922500000000001,0.00029756811789730613,0.9984187330965014,0.9987163012143988
-0.2905,0.0003886437895543056,0.9979516345906043,0.9983402783801586
-0.28875000000000006,0.0004927230290394062,0.9974243951020509,0.9979171181310903
-0.2869999999999999,0.0006100921148351889,0.9968370942487169,0.9974471863635521
-0.28525,0.0007410382069225207,0.9961898207017381,0.9969308589086606
-0.2835000000000001,0.0008858492832220622,0.9954826721667606,0.9963685214499827
-0.28174999999999994,0.001044814075301618,0.9947157553632897,0.9957605694385914
-0.28,0.0012182220033622813,0.99388918600213,0.9951074080054925
-0.2782500000000001,0.001406363110517164,0.9930030887609292,0.9944094518714465
-0.27649999999999997,0.0016095279963757455,0.9920575972578424,0.9936671252542181
-0.27475000000000005,0.0018280077499480598,0.9910528540232975,0.9928808617732455
-0.27300000000000013,0.0020620938818830376,0.9899890104698981,0.9920511043517811
-0.27125,0.0023120782560549437,0.9888662268604491,0.9911783051165041
-0.2695000000000001,0.0025782530205130283,0.9876846722741247,0.9902629252946378
-0.26774999999999993,0.0028609105378093434,0.9864445245707852,0.9893054351085946
-0.266,0.00316034331471955,0.9851459703534545,0.9883063136681741
-0.2642500000000001,0.003476843931372843,0.9837892049289501,0.9872660488603229
-0.26249999999999996,0.0038107049698061397,0.9823744322667102,0.9861851372365162
-0.26075000000000004,0.00416221894195863,0.9809018649557916,0.9850640838977502
-0.2590000000000001,0.004531678217123542,0.9793717241600758,0.9839034023771993
-0.25725,0.004919374948872681,0.977784239571673,0.9827036145205457
-0.25550000000000006,0.005325601001470838,0.9761396493625638,0.9814652503640346
-0.2537499999999999,0.005750647875797664,0.9744382001344553,0.9801888480102529
-0.252,0.006194806634792752,0.9726801468668991,0.9788749535016917
-0.2502500000000001,0.006658367828443104,0.9708657528636607,0.9775241206921038
-0.24849999999999994,0.007141621418329046,0.9689952896973598,0.9761369111156889
-0.24675000000000002,0.007644856701747243,0.9670690371524044,0.9747138938541516
-0.2450000000000001,0.008168362235429223,0.965087283166219,0.9732556454016481
-0.24324999999999997,0.008712425758872615,0.9630503237687928,0.9717627495276655
-0.24150000000000005,0.00927733411730446,0.9609584630205587,0.9702357971378631
-0.23975000000000013,0.009863373184295206,0.9588120129486162,0.9686753861329114
-0.238,0.010470827784041974,0.9566112934813218,0.9670821212653637
-0.23625000000000007,0.011099981613339843,0.9543566323812562,0.9654566139945961
-0.23449999999999993,0.011751117163261984,0.9520483651765862,0.9637994823398481
-0.23275,0.012424515640565464,0.9496868350908451,0.9621113507314105
-0.2310000000000001,0.013120456888845451,0.9472723929711404,0.9603928498599859
-0.22924999999999995,0.013839219309454873,0.9448053972148102,0.9586446165242649
-0.22750000000000004,0.014581079782210779,0.9422862136945538,0.9568672934767645
-0.22575000000000012,0.015346313585908258,0.9397152156820394,0.9550615292679476
-0.22399999999999998,0.016135194318660267,0.9370927837700274,0.9532279780886875
-0.22225000000000006,0.01694799381808534,0.9344193057930127,0.951367299611098
-0.22050000000000014,0.01778498208136355,0.9316951767464136,0.949480158827777
-0.21875,0.01864642718518077,0.928920798704327,0.9475672258895078
-0.21700000000000008,0.019532595205582485,0.9260965807358739,0.9456291759414563
-0.21524999999999994,0.020443750137758582,0.9232229388201425,0.9436666889579011
-0.21350000000000002,0.02138015381577929,0.9203002957597721,0.9416804495755514
-0.2117500000000001,0.022342065832304497,0.9173290810931751,0.9396711469254797
-0.20999999999999996,0.023329743458287203,0.9143097310054409,0.9376394744637282
-0.20825000000000005,0.02434344156269166,0.91124268823793,0.9355861298006217
-0.20650000000000013,0.025383412532250762,0.9081284019965832,0.9335118145288339
-0.20475,0.026449906191280542,0.9049673278589785,0.931417234050259
-0.20300000000000007,0.027543169721575358,0.9017599276801416,0.9293030974017169
-0.20124999999999993,0.028663447582407197,0.8985066694971483,0.9271701170795554
-0.1995,0.02981098143064666,0.89520802743254,0.9250190088631867
-0.1977500000000001,0.03098601004103291,0.8918644815965692,0.922850491637602
-0.19599999999999995,0.03218876922660989,0.8884765179883027,0.9206652872149126
-0.19425000000000003,0.0334194917593534,0.8850446283956162,0.9184641201549696
-0.19250000000000012,0.03467840729101177,0.8815693102940894,0.9162477175851012
-0.19074999999999998,0.035965742274179806,0.8780510667448359,0.9140168090190157
-0.18900000000000006,0.03728171988363,0.8744904062913004,0.9117721261749304
-0.18725000000000014,0.03862655993792373,0.8708878428550265,0.9095144027929503
-0.1855,0.040000478821323245,0.8672438956304476,0.9072443744517708
-0.18375000000000008,0.04140368940602668,0.8635590889787058,0.9049627783847325
-0.18199999999999994,0.04283640097475103,0.8598339523205383,0.9026703532952893
-0.18025000000000002,0.044298819143681445,0.8560690200282521,0.9003678391719336
-0.1785000000000001,0.045791145785813045,0.8522648313168133,0.8980559771026263
-0.17674999999999996,0.04731357895470472,0.8484219301340784,0.8957355090887831
-0.17500000000000004,0.048866312808667704,0.8445408650502002,0.8934071778588679
-0.17325000000000013,0.05044953753541386,0.8406221891462275,0.8910717266816415
-0.17149999999999999,0.05206343927718222,0.8366664599019249,0.888729899179107
-0.16975000000000007,0.05370820005636701,0.8326742390828571,0.8863824391392241
-0.16800000000000015,0.055383997701672766,0.8286460926267406,0.8840300903284133
-0.16625,0.057091005774812985,0.8245825905291079,0.8816735963039208
-0.1645000000000001,0.058829393497779,0.8204843067283124,0.8793137002260915
-0.16274999999999995,0.0605993256806993,0.8163518189898863,0.8769511446705855
-0.16100000000000003,0.06240096265031051,0.8121857087903053,0.8745866714406159
-0.1592500000000001,0.0642344601790646,0.8079865612001595,0.8722210213792242
-0.15749999999999997,0.06609996941489117,0.8037549647667834,0.8698549341816746
-0.15575000000000006,0.06799763681163698,0.7994915113963599,0.8674891482079968
-0.15400000000000014,0.06992760406020807,0.7951967962355335,0.8651244002957417
-0.15225,0.07189000802043063,0.7908714175525533,0.862761425572984
-0.15050000000000008,0.07388498065365437,0.7865159766179892,0.8604009572716437
-0.14874999999999994,0.0759126489561234,0.7821310775850329,0.8580437265411563
-0.14700000000000002,0.07797313489312732,0.777717327369427,0.8556904622625543
-0.1452500000000001,0.08006655533396358,0.7732753355290403,0.8533418908630038
-0.14349999999999996,0.0821930219877246,0.7688057141431291,0.8509987361308536
-0.14175000000000004,0.08435264133993184,0.7643090776913077,0.8486617190312395
-0.14000000000000012,0.08654551459004309,0.7597860429322504,0.8463315575222934
-0.13824999999999998,0.0887717375898451,0.7552372287821704,0.8440089663720154
-0.13650000000000007,0.09103140078275705,0.7506632561930928,0.8416946569758499
-0.13475000000000015,0.09332458914406594,0.7460647480309539,0.8393893371750198
-0.133,0.09565138212211,0.7414423289535521,0.8370937110756621
-0.1312500000000001,0.09801185358043159,0.736796625288397,0.8348084788688286
-0.12949999999999995,0.1004060717409232,0.7321282649104535,0.8325343366513768
-0.12775000000000003,0.10283409912797782,0.7274378771198473,0.830271976247825
-0.1260000000000001,0.10529599251367174,0.7227260925195301,0.8280220850332018
-0.12424999999999997,0.10779180286399345,0.7179935428929551,0.8257853457569486
-0.12250000000000005,0.11032157528613717,0.7132408610817798,0.8235624363679169
-0.12075000000000014,0.11288534897688582,0.7084686808636231,0.821354029840509
-0.119,0.11548315717209362,0.7036776368299226,0.8191607940020162
-0.11725000000000008,0.11811502709729137,0.6988683642639012,0.8169833913611925
-0.11549999999999994,0.12078097991943496,0.6940414990186796,0.8148224789381147
-0.11375000000000002,0.12348103069980514,0.6891976773955705,0.8126787080953757
-0.1120000000000001,0.12621518834808984,0.6843375360225665,0.8105527243706564
-0.11024999999999996,0.12898345557765337,0.6794617117330706,0.8084451673107239
-0.10850000000000004,0.1317858288620167,0.6745708414448807,0.8063566703068974
-0.10675000000000012,0.13462229839256568,0.6696655620394628,0.8042878604320285
-0.10499999999999998,0.1374928480375007,0.6647465102415442,0.8022393582790449
-0.10325000000000006,0.14039745530204334,0.6598143224990505,0.8002117778010938
-0.10150000000000015,0.1433360912899229,0.6548696348634129,0.7982057261533358
-0.09975,0.1463087206661492,0.64991308287028,0.7962218035364292
-0.09800000000000009,0.14931530162109138,0.6449453014206561,0.7942606030417475
-0.09624999999999995,0.1523557858358828,0.6399669246624903,0.7923227104983731
-0.09450000000000003,0.1554301184491539,0.6349785858727581,0.790408704321912
-0.09275000000000011,0.15853823802512393,0.6299809173400439,0.7885191553651678
-0.09099999999999997,0.1616800765230501,0.6249745502476624,0.7866546267707125
-0.08925000000000005,0.16485555926805845,0.6199601145573489,0.7848156738254074
-0.08750000000000013,0.1680646049233675,0.614938238893528,0.7830028438168956
-0.08574999999999999,0.1713071254639149,0.6099095504282099,0.781216675892125
-0.08400000000000007,0.17458302615140214,0.6048746747665228,0.779457700917925
-0.08225000000000016,0.1778922055107719,0.5998342358329122,0.7777264413436841
-0.08050000000000002,0.18123455530812704,0.5947888557580379,0.7760234110661649
-0.0787500000000001,0.18460996053010226,0.5897391547663875,0.7743491152964898
-0.07699999999999996,0.18801829936470696,0.5846857510646335,0.7727040504293403
-0.07525000000000004,0.19145944318363803,0.579629260730761,0.7710887039143992
-0.07350000000000012,0.1949332565260896,0.574570297603987,0.7695035541300767
-0.07174999999999998,0.19843959708405476,0.5695094731754992,0.7679490702595538
-0.07000000000000006,0.20197831568913685,0.5644473964800377,0.7664257121691745
-0.06825000000000014,0.20554925630088328,0.5593846739883398,0.7649339302892231
-0.0665,0.2091522559966426,0.554321909500477,0.7634741654971196
-0.06475000000000009,0.21278714496296028,0.5492597040401036,0.762046849003064
-0.06299999999999994,0.21645374648852056,0.5441986557496412,0.7606524022381618
-0.06125000000000003,0.22015187695863978,0.5391393597864242,0.759291236745064
-0.05950000000000011,0.22388134585132335,0.5340824082198197,0.757963754071143
-0.05774999999999997,0.22764195573489066,0.5290283899293581,0.7566703456642486
-0.05600000000000005,0.2314335022671739,0.5239778905038858,0.7554113927710596
-0.05425000000000013,0.23525577419630392,0.5189314921417617,0.7541872663380657
-0.05249999999999999,0.23910855336308148,0.5138897735521233,0.7529983269152047
-0.05075000000000007,0.24299161470494093,0.5088533098572443,0.7518449245621853
-0.049000000000000155,0.24690472626152146,0.5038226724959952,0.7507273987575167
-0.047250000000000014,0.250847649181837,0.4987984291284338,0.7496460783102707
-0.045500000000000096,0.25482013773305423,0.4937811435415528,0.748601281274607
-0.043749999999999956,0.25882193931089487,0.48877137555618166,0.7475933148670765
-0.04200000000000004,0.2628527944516411,0.48376968093509065,0.7466224753867319
-0.04025000000000012,0.26691243684577626,0.47877661129228827,0.7456890481380646
-0.03849999999999998,0.27100059335323934,0.47379271400355216,0.7447933073567916
-0.03675000000000006,0.27511698402030854,0.46881853211819957,0.7439355161385082
-0.03500000000000014,0.27926132209811855,0.4638546042721171,0.7431159263702357
-0.03325,0.2834333140628013,0.45890146460206893,0.7423347786648703
-0.031500000000000083,0.2876326596372618,0.45395964266130273,0.7415923022985647
-0.029749999999999943,0.2918590518145857,0.44902966333646027,0.7408887151510459
-0.028000000000000025,0.2961121768830798,0.4441120467658217,0.7402242236489015
-0.026250000000000107,0.3003917144529451,0.4392073082588888,0.739599022711834
-0.024499999999999966,0.3046973374845843,0.43431595821732705,0.7390132957019113
-0.022750000000000048,0.3090287123185331,0.42943850205728684,0.73846721437582
-0.02100000000000013,0.3133854987070339,0.4245754401331023,0.7379609388401362
-0.01924999999999999,0.3177673498472274,0.41972726766240215,0.7374946175096295
-0.01750000000000007,0.3221739124159716,0.4148944746526318,0.7370683870686034
-0.015750000000000153,0.32660482660629153,0.4100775458290049,0.7366823724352964
-0.014000000000000012,0.33105972616544094,0.4052769605638979,0.7363366867293388
-0.012250000000000094,0.3355382384345826,0.40049319280770385,0.7360314312422863
-0.010499999999999954,0.3400399843900876,0.3957267110211423,0.73576669541123
-0.008750000000000036,0.34456457868643187,0.3909779781090628,0.7355425567954946
-0.007000000000000117,0.3491116297007083,0.3862474513557247,0.735359081056433
-0.005249999999999977,0.3536807395787287,0.38153558236158663,0.7352163219403154
-0.0035000000000000586,0.3582715042827201,0.3768428169816077,0.7351143212643279
-0.0017500000000001403,0.36288351364061094,0.37216959526506227,0.7350531089056732
0.0,0.3675163513968945,0.3675163513968945,0.735032702793789
0.0017499999999999183,0.3721695952650617,0.3628835136406119,0.7350531089056737
0.0034999999999998366,0.37684281698160704,0.35827150428272053,0.7351143212643276
0.005249999999999977,0.38153558236158663,0.3536807395787287,0.7352163219403154
0.006999999999999895,0.38624745135572386,0.3491116297007088,0.7353590810564327
0.008750000000000036,0.3909779781090628,0.34456457868643187,0.7355425567954946
0.010499999999999954,0.3957267110211423,0.3400399843900876,0.73576669541123
0.012249999999999872,0.40049319280770285,0.33553823843458347,0.7360314312422863
0.014000000000000012,0.4052769605638979,0.33105972616544094,0.7363366867293388
0.01574999999999993,0.41007754582900435,0.32660482660629203,0.7366823724352964
0.01749999999999985,0.41489447465263124,0.322173912415972,0.7370683870686032
0.01924999999999999,0.41972726766240215,0.3177673498472274,0.7374946175096295
0.020999999999999908,0.424575440133102,0.3133854987070345,0.7379609388401365
0.022750000000000048,0.42943850205728684,0.3090287123185331,0.73846721437582
0.024499999999999966,0.43431595821732705,0.3046973374845843,0.7390132957019113
0.026249999999999885,0.43920730825888793,0.3003917144529456,0.7395990227118336
0.028000000000000025,0.4441120467658217,0.2961121768830798,0.7402242236489015
0.029749999999999943,0.44902966333646027,0.2918590518145857,0.7408887151510459
0.03149999999999986,0.4539596426613023,0.28763265963726214,0.7415923022985644
0.03325,0.45890146460206893,0.2834333140628013,0.7423347786648703
0.03499999999999992,0.4638546042721164,0.27926132209811905,0.7431159263702355
0.03674999999999984,0.46881853211819896,0.27511698402030915,0.7439355161385082
0.03849999999999998,0.47379271400355216,0.27100059335323934,0.7447933073567916
0.0402499999999999,0.4787766112922878,0.2669124368457769,0.7456890481380648
0.04200000000000004,0.48376968093509065,0.2628527944516411,0.7466224753867319
0.043749999999999956,0.48877137555618166,0.25882193931089487,0.7475933148670765
0.045499999999999874,0.493781143541552,0.2548201377330548,0.7486012812746068
0.047250000000000014,0.4987984291284338,0.250847649181837,0.7496460783102707
0.04899999999999993,0.5038226724959944,0.24690472626152227,0.7507273987575167
0.05074999999999985,0.5088533098572439,0.2429916147049414,0.7518449245621853
0.05249999999999999,0.5138897735521233,0.23910855336308148,0.7529983269152047
0.05424999999999991,0.5189314921417607,0.2352557741963044,0.7541872663380651
0.05600000000000005,0.5239778905038858,0.2314335022671739,0.7554113927710596
0.05774999999999997,0.5290283899293581,0.22764195573489066,0.7566703456642486
0.059499999999999886,0.5340824082198186,0.22388134585132363,0.7579637540711422
0.06125000000000003,0.5391393597864242,0.22015187695863978,0.759291236745064
0.06299999999999994,0.5441986557496412,0.21645374648852056,0.7606524022381618
0.06474999999999986,0.5492597040401027,0.21278714496296083,0.7620468490030635
0.0665,0.554321909500477,0.2091522559966426,0.7634741654971196
0.06824999999999992,0.5593846739883391,0.20554925630088364,0.7649339302892229
0.06999999999999984,0.5644473964800374,0.20197831568913713,0.7664257121691744
0.07174999999999998,0.5695094731754992,0.19843959708405476,0.7679490702595538
0.0734999999999999,0.5745702976039865,0.19493325652609012,0.7695035541300767
0.07525000000000004,0.579629260730761,0.19145944318363803,0.7710887039143992
0.07699999999999996,0.5846857510646335,0.18801829936470696,0.7727040504293403
0.07874999999999988,0.5897391547663872,0.18460996053010278,0.77434911529649
0.08050000000000002,0.5947888557580379,0.18123455530812704,0.7760234110661649
0.08224999999999993,0.5998342358329118,0.17789220551077226,0.7777264413436842
0.08399999999999985,0.6048746747665221,0.17458302615140248,0.7794577009179247
0.08574999999999999,0.6099095504282099,0.1713071254639149,0.781216675892125
0.08749999999999991,0.6149382388935277,0.16806460492336792,0.7830028438168957
0.08924999999999983,0.6199601145573482,0.16485555926805887,0.7848156738254071
0.09099999999999997,0.6249745502476624,0.1616800765230501,0.7866546267707125
0.09274999999999989,0.6299809173400431,0.15853823802512423,0.7885191553651674
0.09450000000000003,0.6349785858727581,0.1554301184491539,0.790408704321912
0.09624999999999995,0.6399669246624903,0.1523557858358828,0.7923227104983731
0.09799999999999986,0.6449453014206552,0.14931530162109172,0.794260603041747
0.09975,0.64991308287028,0.1463087206661492,0.7962218035364292
0.10149999999999992,0.6548696348634125,0.14333609128992322,0.7982057261533358
0.10324999999999984,0.6598143224990499,0.1403974553020437,0.8002117778010935
0.10499999999999998,0.6647465102415442,0.1374928480375007,0.8022393582790449
0.1067499999999999,0.6696655620394621,0.13462229839256604,0.8042878604320282
0.10850000000000004,0.6745708414448807,0.1317858288620167,0.8063566703068974
0.11024999999999996,0.6794617117330706,0.12898345557765337,0.8084451673107239
0.11199999999999988,0.684337536022566,0.12621518834809026,0.8105527243706563
0.11375000000000002,0.6891976773955705,0.12348103069980514,0.8126787080953757
0.11549999999999994,0.6940414990186796,0.12078097991943496,0.8148224789381147
0.11724999999999985,0.6988683642639006,0.11811502709729176,0.8169833913611924
0.119,0.7036776368299226,0.11548315717209362,0.8191607940020162
0.12074999999999991,0.7084686808636222,0.11288534897688615,0.8213540298405083
0.12249999999999983,0.7132408610817794,0.11032157528613747,0.8235624363679169
0.12424999999999997,0.7179935428929551,0.10779180286399345,0.8257853457569486
0.1259999999999999,0.7227260925195299,0.10529599251367207,0.828022085033202
0.12775000000000003,0.7274378771198473,0.10283409912797782,0.830271976247825
0.12949999999999995,0.7321282649104535,0.1004060717409232,0.8325343366513768
0.13124999999999987,0.7367966252883962,0.09801185358043187,0.834808478868828
0.133,0.7414423289535521,0.09565138212211,0.8370937110756621
0.13474999999999993,0.746064748030953,0.09332458914406624,0.8393893371750193
0.13649999999999984,0.7506632561930926,0.09103140078275736,0.8416946569758499
0.13824999999999998,0.7552372287821704,0.0887717375898451,0.8440089663720154
0.1399999999999999,0.7597860429322502,0.08654551459004335,0.8463315575222934
0.14174999999999982,0.7643090776913072,0.08435264133993213,0.8486617190312393
0.14349999999999996,0.7688057141431291,0.0821930219877246,0.8509987361308536
0.14524999999999988,0.7732753355290396,0.08006655533396392,0.8533418908630035
0.14700000000000002,0.777717327369427,0.07797313489312732,0.8556904622625543
0.14874999999999994,0.7821310775850329,0.0759126489561234,0.8580437265411563
0.15049999999999986,0.7865159766179887,0.07388498065365459,0.8604009572716433
0.15225,0.7908714175525533,0.07189000802043063,0.862761425572984
0.15399999999999991,0.7951967962355332,0.06992760406020834,0.8651244002957416
0.15574999999999983,0.7994915113963599,0.06799763681163724,0.867489148207997
0.15749999999999997,0.8037549647667834,0.06609996941489117,0.8698549341816746
0.1592499999999999,0.8079865612001591,0.0642344601790648,0.872221021379224
0.16100000000000003,0.8121857087903053,0.06240096265031051,0.8745866714406159
0.16274999999999995,0.8163518189898863,0.0605993256806993,0.8769511446705855
0.16449999999999987,0.8204843067283113,0.0588293934977792,0.8793137002260905
0.16625,0.8245825905291079,0.057091005774812985,0.8816735963039208
0.16799999999999993,0.8286460926267403,0.055383997701672905,0.8840300903284132
0.16974999999999985,0.8326742390828566,0.05370820005636728,0.8863824391392239
0.17149999999999999,0.8366664599019249,0.05206343927718222,0.888729899179107
0.1732499999999999,0.8406221891462267,0.050449537535414125,0.8910717266816408
0.17499999999999982,0.8445408650501999,0.0488663128086679,0.8934071778588677
0.17674999999999996,0.8484219301340784,0.04731357895470472,0.8957355090887831
0.17849999999999988,0.8522648313168123,0.04579114578581321,0.8980559771026255
0.18025000000000002,0.8560690200282521,0.044298819143681445,0.9003678391719336
0.18199999999999994,0.8598339523205383,0.04283640097475103,0.9026703532952893
0.18374999999999986,0.8635590889787053,0.0414036894060268,0.904962778384732
0.1855,0.8672438956304476,0.040000478821323245,0.9072443744517708
0.18724999999999992,0.8708878428550263,0.03862655993792391,0.9095144027929501
0.18899999999999983,0.8744904062912997,0.03728171988363018,0.9117721261749299
0.19074999999999998,0.8780510667448359,0.035965742274179806,0.9140168090190157
0.1924999999999999,0.8815693102940885,0.03467840729101195,0.9162477175851004
0.19425000000000003,0.8850446283956162,0.0334194917593534,0.9184641201549696
0.19599999999999995,0.8884765179883027,0.03218876922660989,0.9206652872149126
0.19774999999999987,0.8918644815965692,0.030986010041033078,0.9228504916376022
0.1995,0.89520802743254,0.02981098143064666,0.9250190088631867
0.20124999999999993,0.8985066694971483,0.028663447582407197,0.9271701170795554
0.20299999999999985,0.9017599276801411,0.02754316972157548,0.9293030974017166
0.20475,0.9049673278589785,0.026449906191280542,0.931417234050259
0.2064999999999999,0.9081284019965834,0.02538341253225091,0.9335118145288342
0.20824999999999982,0.9112426882379296,0.024343441562691782,0.9355861298006215
0.20999999999999996,0.9143097310054409,0.023329743458287203,0.9376394744637282
0.21174999999999988,0.9173290810931752,0.02234206583230462,0.9396711469254799
0.21350000000000002,0.9203002957597721,0.02138015381577929,0.9416804495755514
0.21524999999999994,0.9232229388201425,0.020443750137758582,0.9436666889579011
0.21699999999999986,0.9260965807358732,0.019532595205582568,0.9456291759414558
0.21875,0.928920798704327,0.01864642718518077,0.9475672258895078
0.22049999999999992,0.9316951767464133,0.017784982081363653,0.9494801588277769
0.22224999999999984,0.9344193057930122,0.01694799381808544,0.9513672996110977
0.22399999999999998,0.9370927837700274,0.016135194318660267,0.9532279780886875
0.2257499999999999,0.9397152156820394,0.015346313585908346,0.9550615292679477
0.2274999999999998,0.9422862136945529,0.01458107978221087,0.9568672934767637
0.22924999999999995,0.9448053972148102,0.013839219309454873,0.9586446165242649
0.23099999999999987,0.9472723929711404,0.013120456888845528,0.960392849859986
0.23275,0.9496868350908451,0.012424515640565464,0.9621113507314105
0.23449999999999993,0.9520483651765862,0.011751117163261984,0.9637994823398481
0.23624999999999985,0.954356632381256,0.011099981613339919,0.9654566139945959
0.238,0.9566112934813218,0.010470827784041974,0.9670821212653637
0.2397499999999999,0.9588120129486157,0.009863373184295286,0.9686753861329109
0.24149999999999983,0.9609584630205582,0.009277334117304529,0.9702357971378628
0.24324999999999997,0.9630503237687928,0.008712425758872615,0.9717627495276655
0.24499999999999988,0.965087283166219,0.008168362235429287,0.9732556454016482
0.24675000000000002,0.9670690371524044,0.007644856701747243,0.9747138938541516
0.24849999999999994,0.9689952896973598,0.007141621418329046,0.9761369111156889
0.25024999999999986,0.9708657528636601,0.006658367828443159,0.9775241206921031
0.252,0.9726801468668991,0.006194806634792752,0.9788749535016917
0.2537499999999999,0.9744382001344553,0.005750647875797664,0.9801888480102529
0.25549999999999984,0.9761396493625634,0.005325601001470887,0.9814652503640343
0.25725,0.977784239571673,0.004919374948872681,0.9827036145205457
0.2589999999999999,0.9793717241600756,0.0045316782171235855,0.9839034023771991
0.2607499999999998,0.9809018649557918,0.0041622189419586696,0.9850640838977505
0.26249999999999996,0.9823744322667102,0.0038107049698061397,0.9861851372365162
0.2642499999999999,0.9837892049289501,0.003476843931372887,0.9872660488603229
0.266,0.9851459703534545,0.00316034331471955,0.9883063136681741
0.26774999999999993,0.9864445245707852,0.0028609105378093434,0.9893054351085946
0.26949999999999985,0.987684672274124,0.0025782530205130643,0.9902629252946371
0.27125,0.9888662268604491,0.0023120782560549437,0.9911783051165041
0.2729999999999999,0.9899890104698978,0.0020620938818830654,0.992051104351781
0.2747499999999998,0.991052854023297,0.0018280077499480967,0.9928808617732452
0.27649999999999997,0.9920575972578424,0.0016095279963757455,0.9936671252542181
0.2782499999999999,0.9930030887609292,0.0014063631105171908,0.9944094518714465
0.2799999999999998,0.99388918600213,0.001218222003362305,0.9951074080054925
0.28174999999999994,0.9947157553632897,0.001044814075301618,0.9957605694385914
0.28349999999999986,0.9954826721667606,0.000885849283222082,0.9963685214499827
0.28525,0.9961898207017381,0.0007410382069225207,0.9969308589086606
0.2869999999999999,0.9968370942487169,0.0006100921148351889,0.9974471863635521
0.28874999999999984,0.9974243951020509,0.0004927230290394209,0.9979171181310903
0.2905,0.9979516345906043,0.0003886437895543056,0.9983402783801586
0.2922499999999999,0.9984187330965014,0.000297568117897317,0.9987163012143988
0.2939999999999998,0.9988256200719633,0.00021921067989593375,0.9990448307518592
0.29574999999999996,0.9991722340542241,0.00015328714773998723,0.999325521201964
0.2974999999999999,0.9994585226785367,9.95142612624886e-05,0.9995580369397993
0.29925,0.9996844426892436,5.7609888436891184e-05,0.9997420525776805
0.30099999999999993,0.9998499599489302,2.729308507943208e-05,0.9998772530340096
0.30274999999999985,0.9999550494456456,8.28415374498945e-06,0.9999633335993906
0.3045,0.9999996952981943,3.0470180563363084e-07,1.0
0.3062499999999999,0.999983890759497,3.0776987010516576e-06,0.999986968458198
0.30799999999999983,0.9999076382180174,1.6327532350459574e-05,0.9999239657503678
0.30974999999999997,0.9997709491972573,3.9780064715912346e-05,0.9998107292619731
0.3114999999999999,0.9995738443533168,7.316268650717273e-05,0.9996470070398239
0.3132499999999998,0.9993163534705276,0.00011620437101868015,0.9994325578415464
0.31499999999999995,0.9989985154551476,0.000168635727089405,0.999167151182237
0.31674999999999986,0.9986203783271344,0.00023018905117666368,0.9988505673783109
0.3185,0.9981819992099857,0.0003005983785354714,0.9984825975885211
0.3202499999999999,0.9976834443186555,0.00037959953349493166,0.9980630438521505
0.32199999999999984,0.9971247889455528,0.0004669301788239835,0.9975917191243768
0.32375,0.9965061174446173,0.0005623298641786637,0.9970684473087958
0.3254999999999999,0.9958275232134832,0.0006655400736236012,0.9964930632871069
0.3272499999999998,0.9950891086737349,0.0007763042722208982,0.9958654129459559
0.32899999999999996,0.9942909852492545,0.0008943679516794771,0.995185353200934
0.3307499999999999,0.9934332733426742,0.0010194786750585614,0.9944527520177328
0.3325,0.9925161023099337,0.0011513861205195062,0.9936674884304532
0.33424999999999994,0.991539610432949,0.0012898421241197024,0.9928294525570687
0.33599999999999985,0.9905039448904076,0.001434600721643755,0.9919385456120514
0.33775,0.9894092617266843,0.001585418189466249,0.9909946799161505
0.3394999999999999,0.9882557258188976,0.0017420530844416216,0.9899977789033393
0.34124999999999983,0.9870435108421077,0.0019042662828167181,0.9889477771249245
0.34299999999999997,0.9857727992326674,0.002071821018161625,0.9878446202508291
0.3447499999999999,0.9844437821497385,0.0022444829183149487,0.9866882650680535
0.3464999999999998,0.9830566594349722,0.0024220200413404168,0.9854786794763127
0.34824999999999995,0.9816116395703814,0.002604202910490951,0.9842158424808723
0.34999999999999987,0.9801089396344007,0.002790804548177789,0.9828997441825784
0.35175,0.9785487852561434,0.0029816005089418523,0.9815303857650852
0.3534999999999999,0.9769314105678918,0.003176368911425172,0.9801077794793169
0.35524999999999984,0.9752570581557954,0.0033748904693402383,0.9786319486251357
0.357,0.9735259790088207,0.003576948521435935,0.9771029275302566
0.3587499999999999,0.9717384324659508,0.0037823290604581837,0.9755207615264091
0.3604999999999998,0.9698946861616531,0.003990820761104983,0.9738855069227581
0.36224999999999996,0.9679950159696197,0.004202215006974403,0.9721972309765942
0.3639999999999999,0.9660397059448139,0.004416305916505384,0.9704560118613192
0.3657499999999998,0.9640290482638131,0.004632890367911584,0.9686619386317247
0.36749999999999994,0.9619633431634836,0.004851768023107721,0.9668151111865914
0.36924999999999986,0.9598428988779958,0.005072741350629316,0.9649156402286251
0.371,0.9576680315741839,0.005295615647546987,0.962963647221731
0.3727499999999999,0.9554390652852921,0.00552019906037525,0.9609592643456674
0.37449999999999983,0.9531563318430969,0.0057463026049786115,0.9589026344480754
0.37625,0.950820170808441,0.005973740185475433,0.9567939109939164
0.3779999999999999,0.9484309294001869,0.006202328612142004,0.9546332580123289
0.3797499999999998,0.945988962422617,0.006431887618319432,0.9524208500409364
0.38149999999999995,0.9434946321912809,0.00666223987632511,0.9501568720676061
0.38324999999999987,0.9409483084573372,0.006893211012371984,0.9478415194697092
0.385,0.9383503683303748,0.007124629620499107,0.9454749979508739
0.3867499999999999,0.9357011961997621,0.007356327275515838,0.943057523475278
0.38849999999999985,0.9330011836545283,0.00758813854496452,0.9405893221994928
0.39025,0.930250729401798,0.007819901000104677,0.9380706304019026
0.3919999999999999,0.9274502391838095,0.008051455225923177,0.9355016944097327
0.3937499999999998,0.924600125693519,0.008282644830175285,0.9328827705236943
0.39549999999999996,0.9217008084888353,0.008513316451460551,0.9302141249402959
0.3972499999999999,0.9187527139054878,0.008743319766339122,0.927496033671827
0.3989999999999998,0.9157562749685542,0.008972507495493633,0.9247287824640478
0.40074999999999994,0.9127119313026801,0.009200735408941887,0.9219126667116221
0.40249999999999986,0.9096201290409973,0.00942786233030651,0.9190479913713038
0.40425,0.9064813207327714,0.009653750140147382,0.9161350708729188
0.4059999999999999,0.9032959652498117,0.009878263778363013,0.9131742290281748
0.40774999999999983,0.9000645276916394,0.01010127124566767,0.910165798937307
0.4095,0.8967874792894713,0.010322643604150797,0.9071101228936221
0.4112499999999999,0.8934652973090196,0.01054225497692556,0.9040075522859451
0.4129999999999998,0.8900984649521333,0.010759982546874342,0.9008584474990078
0.41474999999999995,0.8866874712573258,0.010975706554497913,0.8976631778118237
0.41649999999999987,0.8832328109991845,0.011189310294876284,0.8944221212940607
0.41825,0.8797349845867103,0.011400680113749532,0.8911356647004598
0.41999999999999993,0.8761944979606026,0.011609705402725734,0.8878042033633283
0.42174999999999985,0.8726118624895135,0.01181627859362561,0.884428141083139
0.4235,0.8689875948653051,0.012020295151971274,0.8810078900172763
0.4252499999999999,0.865322216997326,0.012221653569628482,0.8775438705669545
0.4269999999999998,0.8616162559057408,0.012420255356611405,0.8740365112623522
0.42874999999999996,0.8578702436139355,0.012616005032058637,0.8704862486459942
0.4304999999999999,0.8540847170400259,0.012808810114390036,0.8668935271544158
0.4322499999999998,0.8502602178874974,0.012998581110654288,0.8632587989981517
0.43399999999999994,0.846397292534997,0.013185231505076205,0.8595825240400732
0.43574999999999986,0.8424964919253174,0.01336867774681419,0.8558651696721316
0.4375,0.8385583714535845,0.013548839236938084,0.8521072106905226
0.4392499999999999,0.8345834908546906,0.013725638314637025,0.8483091291693277
0.44099999999999984,0.830572414089988,0.013899000242668571,0.8444714143326566
0.44275,0.8265257092332815,0.014068853192059028,0.8405945624253405
0.4444999999999999,0.8224439483561461,0.014235128226066072,0.8366790765822121
0.4462499999999998,0.8183277074125835,0.014397759283414777,0.8327254666959985
0.44799999999999995,0.8141775661230725,0.014556683160817522,0.82873424928389
0.44974999999999987,0.8099941078580156,0.014711839494789746,0.8247059473528053
0.4514999999999998,0.8057779195206284,0.01486317074277239,0.8206410902634008
0.45324999999999993,0.8015295914292824,0.015010622163572816,0.8165402135928552
0.45499999999999985,0.7972497171993598,0.015154141797135699,0.8124038589964956
0.45675,0.7929388936246076,0.015293680443655812,0.8082325740682634
0.4584999999999999,0.7885977205580615,0.015429191642044562,0.8040269122001061
0.4602499999999998,0.7842268007925334,0.015560631647762179,0.7997874324402956
0.46199999999999997,0.7798267399407208,0.015687959410028072,0.7955146993507489
0.4637499999999999,0.7753981463149454,0.015811136548421034,0.7912092828633666
0.4654999999999998,0.7709416308065613,0.01593012732888235,0.7868717581354437
0.46724999999999994,0.766457806765056,0.016044898639133668,0.7825027054041896
0.46899999999999986,0.7619472898768833,0.016155419963522554,0.7781027098404059
0.47075,0.7574106980440418,0.016261663357308477,0.7736723614013503
0.4724999999999999,0.7528486512624427,0.016363603420401496,0.7692122546828443
0.47424999999999984,0.7482617715000871,0.016461217270567114,0.7647229887706543
0.476,0.7436506825750873,0.01655448451610975,0.760205167091197
0.4777499999999999,0.7390160100335587,0.016643387228047993,0.7556593972616067
0.4794999999999998,0.734358381027408,0.016727909911794896,0.7510862909392029
0.48124999999999996,0.7296784241920589,0.01680803947835597,0.7464864636704148
0.4829999999999999,0.7249767695241307,0.016883765215058584,0.7418605347391892
0.4847499999999998,0.7202540482591012,0.01695507875582569,0.737209127014927
0.48649999999999993,0.7155108927489985,0.01702197405100734,0.7325328668000058
0.48824999999999985,0.710747936340127,0.01708444733678327,0.7278323836769102
0.49,0.7059658132508705,0.01714249710415,0.7231083103550205
0.4917499999999999,0.701165158449608,0.017196124067505786,0.7183612825171137
0.4934999999999998,0.6963466075327469,0.017245331132847066,0.713591938665594
0.49524999999999997,0.6915107966029316,0.017290123365589792,0.7088009199685213
0.4969999999999999,0.6866583621474361,0.01733050795802901,0.7039888701054652
0.4987499999999998,0.6817899409167698,0.017366494196450564,0.6991564351132205
0.5005,0.6769061698035431,0.01739809342790839,0.6943042632314516
0.5022499999999999,0.6720076857215961,0.017425319026680586,0.6894330047482766
0.504,0.6670951254854356,0.01744818636041847,0.684543311845854
0.5057499999999999,0.6621691256900065,0.017466712756001646,0.6796358384460082
0.5074999999999998,0.6572303225908178,0.017480917465113023,0.674711240055931
0.50925,0.6522793519844572,0.017490821629547154,0.6697701736140044
0.5109999999999999,0.6473168490895229,0.017496448246265485,0.6648132973357884
0.5127499999999998,0.6423434484279972,0.017497822132212217,0.6598412705602094
0.5145,0.6373597837070833,0.017494969888904012,0.6548547535959873
0.5162499999999999,0.6323664877015535,0.017487919866807245,0.6498544075683608
0.5179999999999998,0.6273641921366022,0.01747670212951638,0.6448408942661187
0.5197499999999999,0.6223535275712669,0.017461348417746478,0.6398148759890134
0.5214999999999999,0.6173351232824161,0.0174418921131538,0.63477701539557
0.52325,0.6123096071493425,0.01741836820199733,0.6297279753513398
0.5249999999999999,0.6072776055389887,0.017390813238654976,0.6246684187776437
0.5267499999999998,0.6022397431918258,0.017359265309007367,0.6195990085008333
0.5285,0.5971966431084124,0.017323763993702675,0.6145204071021151
0.5302499999999999,0.5921489264366674,0.01728435033131556,0.609433276767983
0.5319999999999998,0.5870972123598635,0.017241066781413177,0.6043382791412766
0.53375,0.5820421179853872,0.017193957187541648,0.5992360751729289
0.5354999999999999,0.5769842582342797,0.01714306674014548,0.5941273249744252
0.5372499999999998,0.5719242457315766,0.01708844193943307,0.5890126876710097
0.5389999999999999,0.5668626906974874,0.01703013055820123,0.5838928212556886
0.5407499999999998,0.561800200839427,0.016968181604631136,0.5787683824440583
0.5425,0.5567373812449196,0.01690264528506858,0.5736400265299881
0.5442499999999999,0.5516748342754143,0.016833572966800936,0.5685084072422153
0.5459999999999998,0.5466131594610172,0.016761017140843475,0.5633741766018606
0.54775,0.5415529533961748,0.016685031384747136,0.5582379847809219
0.5494999999999999,0.5364948096363302,0.016605670325440264,0.5531004799617705
0.5512499999999998,0.5314393185955659,0.01652298960211632,0.5479623081976822
0.5529999999999999,0.5263870674452654,0.016437045829179753,0.5428241132744452
0.5547499999999999,0.5213386400138117,0.01634789655926173,0.5376865365730734
0.5565,0.5162946166873382,0.01625560024631787,0.5325502169336561
0.5582499999999999,0.5112555743115651,0.01616021620881963,0.5274157905203848
0.5599999999999998,0.5062220860947265,0.016061804593050587,0.5222838906877771
0.56175,0.5011947215116261,0.015960426336519607,0.5171551478481459
0.5634999999999999,0.4961740462088264,0.01585614313150201,0.5120301893403284
0.5652499999999998,0.49116062191099696,0.01574901738871987,0.5069096392997168
0.567,0.48615500632844283,0.01563911220117261,0.5017941185296154
0.5687499999999999,0.4811577530658333,0.015526491308129118,0.49668424437396247
0.5704999999999998,0.47616941153213715,0.015411219059291534,0.49158063059142865
0.5722499999999999,0.4711905268518031,0.015293360379142265,0.48648388723094543
0.5739999999999998,0.4662216397771863,0.015172980731484063,0.4813946205086703
0.57575,0.461263286602242,0.015050146084183787,0.47631343268642573
0.5774999999999999,0.45631599907751264,0.014924922874130326,0.47124092195164297
0.5792499999999998,0.45138030432641363,0.014797377972416379,0.46617768229883
0.581,0.4464567247628366,0.014667578649754239,0.46112430341259086
0.5827499999999999,0.44154577801009665,0.01453559254213558,0.45608137055223225
0.5844999999999998,0.436647976821221,0.014401487616744325,0.4510494644379653
0.5862499999999999,0.4317638290006092,0.014265332138132645,0.44602916113874186
0.5879999999999999,0.426893837327078,0.014127194634669124,0.4410210319617471
0.5897499999999998,0.4220384994782902,0.013987143865268059,0.43602564334355826
0.5914999999999999,0.41719830795660556,0.013845248786409333,0.43104355674301487
0.5932499999999998,0.41237375001635046,0.013701578519457304,0.42607532853580776
0.595,0.40756530759251786,0.013556202318287388,0.42112150991080527
0.5967499999999999,0.4027734572309255,0.013409189537229034,0.41618264676815453
0.5984999999999998,0.39799867001983125,0.013260609599333052,0.4112592796191643
0.60025,0.39324141152301806,0.013110531964971785,0.4063519434879898
0.6019999999999999,0.38850214171437425,0.012959026100779735,0.40146116781515395
0.6037499999999998,0.3837813149139562,0.012806161448942619,0.39658747636289876
0.6054999999999997,0.37907937972556854,0.012652007396842349,0.3917313871224109
0.6072500000000001,0.3743967789758548,0.012496633247065349,0.3868934122229202
0.609,0.36973394965492173,0.01234010818778163,0.3820740578427034
0.6107499999999999,0.3650913228584881,0.012182501263501065,0.3772738241219892
0.6124999999999998,0.3604693237315895,0.012023881346214623,0.37249320507780415
0.6142499999999997,0.3558683714138322,0.011864317106926404,0.3677326885207586
0.6160000000000001,0.3512888789862074,0.011703876987583368,0.36299275597379077
0.61775,0.34673125341948097,0.011542629173409182,0.3582738825928901
0.6194999999999999,0.3421958955241481,0.011380641565647623,0.3535765370897957
0.6212499999999999,0.33768319990198264,0.011217981754722384,0.3489011816567051
0.6229999999999998,0.33319355489917213,0.011054716993818194,0.34424827189299034
0.6247499999999997,0.3287273425610464,0.010890914172889272,0.3396182567339357
0.6265000000000001,0.324284938588409,0.01072663979310022,0.33501157838150925
0.62825,0.3198667122954779,0.01056195994170475,0.33042867223718264
0.6299999999999999,0.3154730265694289,0.010396940267366605,0.3258699668367955
0.6317499999999998,0.3111042378315628,0.010231645955928263,0.32133588378749106
0.6334999999999997,0.3067606960000848,0.010066141706631442,0.3168268377067163
0.6352500000000001,0.30244274445450964,0.009900491708793735,0.31234323616330334
0.637,0.29815072000169335,0.009734759618946156,0.30788547962063945
0.6387499999999999,0.2938849528434829,0.009569008538434495,0.30345396138191744
0.6404999999999998,0.2896457665460059,0.009403300991489474,0.2990490675374954
0.6422499999999998,0.28543347801058594,0.00923769890376851,0.29467117691435446
0.6439999999999997,0.2812483974462901,0.009072263581372676,0.29032066102766274
0.64575,0.2770908283441081,0.00890705569034222,0.2859978840344503
0.6475,0.27296106745277116,0.008742135236633489,0.28170320268940463
0.6492499999999999,0.26885940475619047,0.00857756154657987,0.27743696630277037
0.6509999999999998,0.26478612345253977,0.008413393247839978,0.27319951670037973
0.6527499999999997,0.26074149993496415,0.008249688250834972,0.26899118818579915
0.6545000000000001,0.25672580377391613,0.008086503730677265,0.2648123075045934
0.65625,0.25273929770112674,0.007923896109593136,0.26066319381071984
0.6579999999999999,0.2487822375951908,0.007761921039840374,0.2565441586350312
0.6597499999999998,0.2448548724687852,0.007600633387123297,0.2524555058559085
0.6614999999999998,0.2409574444575003,0.007440087214506244,0.24839753167200657
0.6632499999999997,0.23709018881028962,0.007280335766826808,0.24437052457711642
0.665,0.2332533338815298,0.007121431455610041,0.24037476533713983
0.66675,0.22944710112469172,0.0069634258444846425,0.2364105269691764
0.6684999999999999,0.22567170508760726,0.006806369635101248,0.23247807472270848
0.6702499999999998,0.22192735340933814,0.006650312653554266,0.2285776660628924
0.6719999999999997,0.21821424681863802,0.006495303837306766,0.22470955065594478
0.6737500000000001,0.2145325791339931,0.006341391222619084,0.2208739703566122
0.6755,0.21088253726525277,0.006188621932481078,0.21707115919773387
0.6772499999999999,0.2072643012168191,0.006037042165047364,0.21330134338186646
0.6789999999999998,0.20367804409241197,0.00588669718257583,0.2095647412749878
0.6807499999999997,0.200123932101388,0.005737631300868428,0.20586156340225645
0.6824999999999997,0.19660212456660703,0.005589887879213594,0.20219201244582063
0.68425,0.19311277393384188,0.005443509310829387,0.19855628324467126
0.6859999999999999,0.1896560257827215,0.005298537013806485,0.19495456279652798
0.6877499999999999,0.1862320188391918,0.005155011422549084,0.19138703026174086
0.6894999999999998,0.1828408849894944,0.005012971979713261,0.18785385696920764
0.6912499999999997,0.17948274929564806,0.004872457128640374,0.1843552064242884
0.6930000000000001,0.1761577300124227,0.004733504306284189,0.18089123431870685
0.69475,0.17286593860579752,0.004596149936629591,0.17746208854242712
0.6964999999999999,0.1696074797728867,0.004460429424600739,0.17406790919748746
0.6982499999999998,0.16638245146332917,0.004326377150456689,0.17070882861378583
0.6999999999999997,0.1631909449021263,0.00419402646467174,0.16738497136679803
0.7017499999999997,0.1600330446139145,0.004063409683298181,0.16409645429721267
0.7035,0.15690882844866264,0.003934558083808383,0.16084338653247102
0.7052499999999999,0.15381836760878362,0.0038075019014138668,0.1576258695101975
0.7069999999999999,0.150761726677637,0.003682270325857584,0.15444399700349457
0.7087499999999998,0.14773896364942402,0.003558891498676992,0.151297855148101
0.7104999999999997,0.14475012996045,0.0034373925109339905,0.14818752247138398
0.71225,0.14179527052174418,0.0033177994014085247,0.1451130699231527
0.714,0.1388744237530254,0.0032001371552523032,0.1420745609082777
0.7157499999999999,0.13598762161798986,0.0030844297030984034,0.13907205132108824
0.7174999999999998,0.1331348896609172,0.0029706999206235455,0.1361055895815407
0.7192499999999997,0.13031624704457367,0.002858969628558374,0.13317521667313204
0.7210000000000001,0.12753170658939614,0.00274925959314194,0.13028096618253807
0.72275,0.12478127481394537,0.002641589527016045,0.1274228643409614
0.7244999999999999,0.1220649519766058,0.002535978090554713,0.12460093006716051
0.7262499999999998,0.1193827321185234,0.0024324428936246378,0.12181517501214804
0.7279999999999998,0.11673460310775938,0.0023310004977716934,0.11906560360553106
0.7297499999999997,0.11412054668464444,0.002231666418828724,0.11635221310347316
0.7315,0.11154053850831629,0.0021344551299396926,0.11367499363825598
0.73325,0.10899454820442629,0.0020393800649953194,0.11103392826942161
0.7349999999999999,0.1064825394139876,0.0019464536224746076,0.10842899303646221
0.7367499999999998,0.10400446984336138,0.0018556871696875895,0.10586015701304896
0.7384999999999997,0.10156029131535069,0.0017670910474134817,0.10332738236276416
0.7402500000000001,0.09914994982138964,0.001680674574928923,0.10083062439631856
0.742,0.09677338557481019,0.0015964460554208453,0.09836983163023104
0.7437499999999999,0.09443053306516015,0.0015144127817778954,0.09594494584693805
0.7454999999999998,0.09212132111356412,0.0014345810427551858,0.09355590215631931
0.7472499999999997,0.08984567292910015,0.0013569561295060852,0.09120262905860622
0.7489999999999997,0.08760350616617678,0.0012815423424752898,0.08888504850865206
0.75075,0.08539473298288706,0.0012083429986469898,0.08660307598153406
0.7525,0.0832192601003269,0.0011373604391422387,0.08435662053946914
0.7542499999999999,0.08107698886284576,0.001068596037158946,0.08214558490000469
0.7559999999999998,0.07896781529922395,0.0010020502062485714,0.07996986550547251
0.7577499999999997,0.07689163018474517,0.0009377224089229425,0.07782935259366812
0.7595000000000001,0.07484831910414835,0.0008756111655847252,0.07572393026973308
0.76125,0.07283776251544018,0.000815714063775233,0.07365347657921541
0.7629999999999999,0.070859835814539,0.0007580277677326813,0.07161786358227168
0.7647499999999998,0.06891440940074195,0.0007025480282545817,0.06961695742899654
0.7664999999999997,0.06700134874298318,0.0006492696928572825,0.06765061843584047
0.7682499999999997,0.06512051444686771,0.0005981867162260573,0.06571870116309378
0.77,0.06327176232245779,0.0005492921709488195,0.06382105449340661
0.7717499999999999,0.06145494345279274,0.0005025782585266872,0.06195752171131942
0.7734999999999999,0.05966990426311421,0.0004580363206542905,0.0601279405837685
0.7752499999999998,0.05791648659078515,0.0004156568507630423,0.0583321434415482
0.7769999999999997,0.05619452775587226,0.00037542950582023367,0.0565699572616925
0.77875,0.05450386063237397,0.0003373431183768994,0.05484120375075087
0.7805,0.05284431372007353,0.00030138570885743346,0.053145699428930965
0.7822499999999999,0.051215711216989056,0.00026754449808362365,0.05148325571507269
0.7839999999999998,0.049617873092406485,0.00023580592002618852,0.04985367901243268
0.7857499999999997,0.04805061516046805,0.00020615563477642155,0.04825677079524447
0.7874999999999996,0.04651374915429569,0.00017857854173079017,0.04669232769602648
0.78925,0.04500708280062709,0.00015305879298123352,0.04516014159360832
0.7909999999999999,0.043530419894943544,0.00012957980690388366,0.043659999701847425
0.7927499999999998,0.04208356037706346,0.00010812428193887718,0.04219168465900234
0.7944999999999998,0.040666300407184136,8.867421055403268e-05,0.04075497461773817
0.7962499999999997,0.039278432442346634,7.121089338499968e-05,0.039349643335731634
0.798,0.037919745313301244,5.571495354458456e-05,0.03797546026684583
0.79975,0.03659002430175426,4.216635109391352e-05,0.03663219065284818
0.8014999999999999,0.035289051217967514,3.054439766806475e-05,0.03531959561563558
0.8032499999999998,0.034016604478696075,2.0827771248880104e-05,0.03403743224994495
0.8049999999999997,0.032772459185436545,1.2994531077572665e-05,0.03278545371651412
0.8067500000000001,0.03155638720296439,7.022132699802233e-06,0.03156340933566419
0.8085,0.03036815723814141,2.887443135910265e-06,0.03037104468127732
0.8102499999999999,0.029207534918964332,5.667561689613185e-07,0.02920810167513329
0.8119999999999998,0.028074282873840645,3.58077433189007e-08,0.028074318681583964
0.8137499999999998,0.026968160811062725,1.269791466439871e-06,0.026969430602529168
0.8154999999999997,0.025888925598462117,4.243374206623045e-06,0.02589316897266874
0.81725,0.024836331343219505,8.930711779459123e-06,0.02484526205499896
0.819,0.023810129471811287,1.5305464715743602e-05,0.02382543493652703
0.8207499999999999,0.022810068810066145,2.334081410366325e-05,0.02283340962416981
0.8224999999999998,0.02183589566331509,3.30094774980651e-05,0.021868905140813157
0.8242499999999997,0.02088735389661009,4.428372488966777e-05,0.020931637621499754
0.8260000000000001,0.01996418501498914,5.713539472710823e-05,0.02002132040971625
0.82775,0.01906612824376962,7.15359099847259e-05,0.019137664153754345
0.8294999999999999,0.018192920608842884,8.745629426908842e-05,0.01828037690311197
0.8312499999999998,0.01734429701695488,0.00010486718795721531,0.017449164204912097
0.8329999999999997,0.016519990335946744,0.00012373886435956857,0.016643729200306313
0.8347499999999997,0.01571973147493686,0.00014404124590089914,0.01586377272083776
0.8365,0.014943249464422017,0.00016574392031209142,0.015108993384734109
0.8382499999999999,0.014190271536277962,0.00018881615682615356,0.014379087693104116
0.8399999999999999,0.013460523203636342,0.00021322692237169807,0.013673750126008041
0.8417499999999998,0.012753728340620392,0.00023894489775707096,0.012992673238377463
0.8434999999999997,0.012069609261916548,0.0002659384938385846,0.012335547755755131
0.8452500000000001,0.011407886802162558,0.00029417586766622054,0.011702062669828778
0.847,0.01076828039513227,0.0003236249386002693,0.011091905333732539
0.8487499999999999,0.010150508152695076,0.000354253404392504,0.01050476155708758
0.8504999999999998,0.009554286943533274,0.00038602875722538424,0.00994031570075866
0.8522499999999997,0.008979332471595061,0.00041891829970304407,0.009398250771298104
0.8539999999999996,0.008425359354264562,0.0004528891607877538,0.008878248515052317
0.85575,0.007892081200229642,0.00048790831167571053,0.008379989511905354
0.8574999999999999,0.0073792106870286785,0.0005239425816059391,0.007903153268634618
0.8592499999999998,0.006886459638255456,0.0005609586735964232,0.0074474183118518784
0.8609999999999998,0.006413539100406226,0.0005989231801013055,0.007012462280507531
0.8627499999999997,0.005960159419348128,0.0006378025985834223,0.00659796201793155
0.8645,0.005526030316391557,0.0006775633469962845,0.0062035936633878415
0.86625,0.005110860963948315,0.000718171779169757,0.005829032743118072
0.8679999999999999,0.00471436006075671,0.0007595942000939261,0.005473954260850637
0.8697499999999998,0.004336235906657216,0.0008017968810953857,0.005138032787752603
0.8714999999999997,0.003976196476900188,0.0008447460749006648,0.004820942551800854
0.8732499999999996,0.003633949495968728,0.0008884080305812905,0.004522357526550018
0.875,0.003309202510899263,0.0009327490083752526,0.004241951519274516
0.8767499999999999,0.0030016629640839524,0.000977735294379579,0.003979398258463531
0.8784999999999998,0.0027110382655365947,0.0010233332151091076,0.0037343714806457023
0.8802499999999998,0.0024370358646077614,0.0010695091519161727,0.003506545016523934
0.8819999999999997,0.002179363321131449,0.0011162295552664774,0.0032955928763979264
0.88375,0.001937728375988128,0.0011634609588662647,0.0031011893348543928
0.8855,0.0017118390210686468,0.0012111699936359886,0.0029230090147046354
0.8872499999999999,0.0015014035686228497,0.0012593234015260656,0.002760726970148915
0.8889999999999998,0.001306130719978967,0.001307888049169892,0.0026140187691488593
0.8907499999999997,0.0011257296336180756,0.0013568309413699085,0.002482560574987984
0.8925000000000001,0.0009599099925894405,0.0014061192344123196,0.0023660292270017602
0.89425,0.0008083820712524296,0.0014557202492061691,0.0022641023204585985
0.8959999999999999,0.0006708568013306782,0.0015056014842428646,0.002176458285573543
0.8977499999999998,0.0005470458372652586,0.0015557306283718547,0.0021027764656371133
0.8994999999999997,0.00043666162085300846,0.0016060755733887536,0.0020427371942417618
0.9012499999999997,0.00033941744515695845,0.001656604426432021,0.0019960218715889795
0.903,0.0002550275176759033,0.0017072855221845686,0.001962313039860472
0.9047499999999999,0.0001832070227606703,0.001758087434876561,0.0019412944576372314
0.9064999999999999,0.0001236721832643808,0.001808978990086169,0.0019326511733505497
0.9082499999999998,7.614032141513955e-05,0.001859929276334648,0.0019360695977497877
0.9099999999999997,4.0329918899037535e-05,0.0019109076564726357,0.0019512375753716735
0.9117500000000001,1.5960676142181957e-05,0.00196188377885452,0.001977844454996702
0.9135,2.753570780578835e-06,0.0020128275882976914,0.0020155811590782708
0.9152499999999999,4.309153069355596e-07,0.002063709336824019,0.002064140252130955
0.9169999999999998,8.716413883947621e-06,0.0021144995941803973,0.002123216008064345
0.9187499999999997,2.7335218313723522e-05,0.0021651692581359607,0.0021925044764496845
0.9204999999999997,5.601398315342757e-05,0.002215689564553173,0.002271703547706601
0.92225,9.448091996751684e-05,0.0022660320972304098,0.0023605130171979265
0.9239999999999999,0.00014246585070714162,0.0023161687975135933,0.002458634648220735
0.9257499999999999,0.00019970026020787942,0.0023660719736747454,0.002565772233882625
0.9274999999999998,0.00026591734779683556,0.002415714310055186,0.0026816316578520214
0.9292499999999997,0.0003408520780008654,0.002465068875971378,0.002805920953972243
0.931,0.0004242412303478206,0.0025141091343815866,0.0029383503647294074
0.93275,0.0005158234482528286,0.0025628089503113775,0.003078632398564206
0.9344999999999999,0.0006153392869825612,0.002611142599036537,0.003226481886019098
0.9362499999999998,0.0007225312606898042,0.002659084774021508,0.003381616034711312
0.9379999999999997,0.0008371438885119026,0.002706610594612108,0.0035437544831240105
0.9397499999999996,0.0009589237397263446,0.002753695613481128,0.0037126193532074727
0.9415,0.0010876194779573457,0.002800315823825494,0.0038879353017828404
0.9432499999999999,0.0012229819044274198,0.00284644766631391,0.00406942957074133
0.9449999999999998,0.001364764000248667,0.0028920680357840856,0.004256832036032753
0.9467499999999998,0.0015127209677481184,0.0029371542876883705,0.004449875255436489
0.9484999999999997,0.0016666102708224081,0.002981684244287267,0.004648294515109675
0.95025,0.0018261916743171325,0.003025636200589973,0.0048518278749071055
0.952,0.0019912272824264797,0.003068988930041427,0.005060216212467906
0.9537499999999999,0.002161481576109406,0.003111721689955474,0.005273203266064881
0.9554999999999998,0.0023367214495182147,0.0031538142266936,0.005490535676211814
0.9572499999999997,0.0025167162454365678,0.00319524678058918,0.005711963026025748
0.9589999999999996,0.0027012377897236727,0.0032360000906169785,0.005937237880340652
0.96075,0.0028900604247620704,0.0032760553988079606,0.0061661158235700305
0.9624999999999999,0.0030829610419061794,0.003315394454409328,0.0063983554963155075
0.9642499999999998,0.0032797191129302922,0.0033539995177902055,0.006633718630720498
0.9659999999999997,0.0034801167204731647,0.00339185336409298,0.006871970084566145
0.9677499999999997,0.0036839385874786242,0.003428939286630886,0.00711287787410951
0.9695,0.003890972105630481,0.003465241100032235,0.007356213205662716
0.97125,0.0041010073627808265,0.0035007431431318473,0.007601750505912674
0.9729999999999999,0.0043138371693718395,0.003535430281610521,0.007849267450982361
0.9747499999999998,0.0045292570838496886,0.0035692879103831196,0.008098544994232808
0.9764999999999997,0.00474706543707169,0.0036023019557363625,0.008349367392808053
0.9782500000000001,0.00496706335570631,0.0036344588772171476,0.008601522232923457
0.98,0.005189054784626777,0.003665745669272618,0.008854800453899395
0.9817499999999999,0.00541284650829975,0.0036961498626430873,0.009108996370942837
0.9834999999999998,0.005638248171169516,0.003725659525509097,0.009363907696678614
0.9852499999999997,0.005865072297039743,0.003754263264393971,0.009619335561433715
0.9869999999999997,0.006093134307454418,0.0037819502248233722,0.009875084532277792
0.98875,0.006322252539080228,0.0038087100917433892,0.010130962630823618
0.9904999999999999,0.00655224826009224,0.0038345330896987218,0.010386781349790963
0.9922499999999999,0.006782945685566809,0.003859409982772845,0.010642355668339655
0.9939999999999998,0.0070141719918830085,0.0038833320742918285,0.010897504066174837
0.9957499999999997,0.007245757330137152,0.0039062912062938,0.011152048536430953
0.9975,0.007477534838573335,0.003928279758765978,0.011405814597339312
0.99925,0.007709340654033641,0.00394929064865138,0.011658631302685022
1.001,0.00794101392243301,0.0039693173286274135,0.011910331251060424
1.0027499999999998,0.008172396808261748,0.003988353785658437,0.012160750593920184
1.0044999999999997,0.008403334503121357,0.004006394539324717,0.012409729042446074
1.0062499999999996,0.008633675233298036,0.004023434639930187,0.012657109873228224
1.008,0.00886327026637937,0.00403946966639135,0.01290273993277072
1.00975,0.009091973916918895,0.004054495723909978,0.013146469640828874
1.0114999999999998,0.009319643551155377,0.004068509441432184,0.013388152992587561
1.0132499999999998,0.009546139590791307,0.004081507968896555,0.013627647559687862
1.0149999999999997,0.009771325515837743,0.004093488974274024,0.013864814490111768
1.01675,0.009995067866531815,0.004104450640402455,0.01409951850693427
1.0185,0.01021723624433266,0.004114391661618647,0.014331627905951307
1.0202499999999999,0.010437703312004235,0.004123311240190904,0.014561014552195136
1.0219999999999998,0.010656344792790363,0.004131209082554964,0.014787553875345326
1.0237499999999997,0.01087303946869071,0.0041380853953565605,0.015011124864047272
1.0254999999999996,0.011087669177844565,0.004143940881303656,0.01523161005914822
1.02725,0.01130011881103048,0.004148776734831514,0.015448895545861993
1.029,0.011510276307289556,0.0041525946375839465,0.0156628709448735
1.0307499999999998,0.011718032648681067,0.004155396753713993,0.01587342940239506
1.0324999999999998,0.011923281854178415,0.004157185725007349,0.016080467579185766
1.0342499999999997,0.012125920972714185,0.004157964665832049,0.016283885638546238
1.036,0.012325850075383381,0.0041577371579177725,0.016483587233301154
1.03775,0.012522972246813402,0.004156507244968307,0.01667947949178171
1.0394999999999999,0.012717193575711041,0.004154279427110781,0.01687147300282182
1.0412499999999998,0.012908423144594616,0.004151058655185128,0.017059481799779747
1.0429999999999997,0.013096573018721903,0.0041468503248775854,0.017243423343599486
1.0447499999999996,0.013281558234223254,0.00414166027070174,0.017423218504924995
1.0465,0.01346329678545019,0.004135494759830971,0.01759879154528116
1.04825,0.013641709611549062,0.004128360485786,0.01777007009733506
1.0499999999999998,0.013816720582271253,0.0041202645619812794,0.017936985144252533
1.0517499999999997,0.01398825648302913,0.004111214515134138,0.01809947099816327
1.0534999999999997,0.014156246999209485,0.004101218278540467,0.018257465277749952
1.05525,0.014320624699754684,0.004090284185220881,0.01841090888497556
1.057,0.01448132502002288,0.004078420960941219,0.0185597459809641
1.0587499999999999,0.014638286243938496,0.004065637717111353,0.01870392396104985
1.0604999999999998,0.014791449485443826,0.004051943943566262,0.018843393429010088
1.0622499999999997,0.014940758669263737,0.004037349501233367,0.018978108170497103
1.0639999999999996,0.015086160510994772,0.004021864614690064,0.019108025125684835
1.06575,0.015227604496530527,0.004005499864615631,0.01923310436114616
1.0675,0.01536504286083482,0.003988266180141369,0.019353309040976187
1.0692499999999998,0.015498430566075312,0.0039701748311031515,0.019468605397178464
1.0709999999999997,0.01562772527912875,0.0039512374202004255,0.01957896269932918
1.0727499999999996,0.015752887348470954,0.003931465875065739,0.019684353223536694
1.0745,0.01587387978046317,0.003910872440248889,0.01978475222071206
1.07625,0.01599066821504753,0.003889469669119783,0.019880137884167315
1.0779999999999998,0.016103220900864215,0.0038672704156941357,0.01997049131655835
1.0797499999999998,0.01621150866980281,0.003844287826386114,0.02005579649618892
1.0814999999999997,0.01631550491100043,0.003820535331692008,0.020136040242692436
1.08325,0.016415185544299805,0.0037960266378091073,0.02021121218210891
1.085,0.01651052899317971,0.0037707757181938465,0.020281304711373557
1.0867499999999999,0.016601516157171235,0.003744796805063326,0.02034631296223456
1.0884999999999998,0.016688130383772547,0.003718104380844357,0.020406234764616903
1.0902499999999997,0.016770357439875302,0.0036907131695741277,0.02046107060944943
1.0919999999999996,0.01684818548271602,0.003662638128256552,0.020510823610972572
1.09375,0.016921605030365553,0.0036338944381783915,0.020555499468543945
1.0955,0.016990608931769877,0.0036044974961893057,0.020595106427959184
1.0972499999999998,0.017055192336355746,0.003574462905949759,0.020629655242305502
1.0989999999999998,0.01711535266321425,0.003543806469150943,0.02065915913236519
1.1007499999999997,0.017171089569876063,0.0035125441767107014,0.020683633746586768
1.1025,0.017222404920691468,0.003480692199949503,0.02070309712064097
1.10425,0.017269302754829005,0.0034482668817504246,0.020717569636579426
1.1059999999999999,0.017311789253906,0.00341528472770713,0.020727073981613133
1.1077499999999998,0.01734987270926454,0.003381762397263806,0.020731635106528343
1.1094999999999997,0.017383563488906587,0.0033477166948510588,0.020731280183757646
1.1112499999999996,0.01741287400410167,0.003313164561021507,0.020726038565123176
1.113,0.017437818675680648,0.003278123063589141,0.02071594173926979
1.11475,0.01745841390002945,0.003242609388776196,0.020701023288805645
1.1164999999999998,0.017474678014795922,0.0032066408323713647,0.020681318847167285
1.1182499999999997,0.01748663126432383,0.0031702347909031655,0.020656866055226996
1.1199999999999997,0.01749429576482697,0.003133408752832294,0.020627704517659263
1.12175,0.01749769546931781,0.003096180289766504,0.020593875759084314
1.1235,0.017496856132303184,0.003058567047701984,0.020555423180005167
1.1252499999999999,0.017491805274261366,0.0030205867382945405,0.02051239201255591
1.1269999999999998,0.017482572145913665,0.002982257130164573,0.02046482927607824
1.1287499999999997,0.01746918769230375,0.0029435960402391208,0.02041278373254287
1.1304999999999996,0.0174516845166989,0.0029046213251347525,0.020356305841833653
1.13225,0.017430096844325466,0.0028653508725846027,0.020295447716910067
1.134,0.017404460485952972,0.002825802592913187,0.02023026307886616
1.1357499999999998,0.017374812801339304,0.0027859944105622404,0.020160807211901544
1.1374999999999997,0.017341192662550714,0.002745944255671131,0.020087136918221844
1.1392499999999997,0.01730364041716961,0.0027056700557150258,0.020009310472884633
1.141,0.01726219785140327,0.0026651897272041104,0.019927387578607382
1.14275,0.017216908153106725,0.0026245211674472287,0.019841429320553952
1.1444999999999999,0.017167815874732397,0.0025836822463828606,0.019751498121115256
1.1462499999999998,0.01711496689621991,0.002542690798480839,0.01965765769470075
1.1479999999999997,0.017058408387838432,0.0025015646147176825,0.019559973002556113
1.1497499999999996,0.016998188772994735,0.002460321434628735,0.01945851020762347
1.1515,0.016934357691019374,0.0024189789384398723,0.019353336629459247
1.1532499999999999,0.0168669659599436,0.0023775547392819786,0.019244520699225578
1.1549999999999998,0.01679606553927983,0.00233606637549074,0.019132131914770572
1.1567499999999997,0.016721709492817365,0.002294531302994834,0.019016240795812198
1.1584999999999996,0.016643951951446655,0.002252966887795079,0.018896918839241737
1.16025,0.016562848076023477,0.002211390398537368,0.018774238474560844
1.162,0.016478454020285527,0.002169818999181941,0.018648273019467466
1.1637499999999998,0.016390826893833355,0.002128269741771566,0.01851909663560492
1.1654999999999998,0.016300024725187545,0.002086759559301186,0.01838678428448873
1.1672499999999997,0.01620610642493389,0.002045305258691533,0.018251411683625426
1.169,0.016109131748968247,0.002003923513868937,0.018113055262837185
1.17075,0.01600916126185255,0.001962630858953929,0.01797179212080648
1.1724999999999999,0.015906256300293367,0.001921443681560534,0.017827699981853903
1.1742499999999998,0.01580047893675455,0.0018803782162088978,0.017680857152963445
1.1759999999999997,0.01569189194321469,0.0018394505378530174,0.01753134248106771
1.1777499999999996,0.01558055875508083,0.0017986765555259166,0.01737923531060675
1.1795,0.015466543435268928,0.0017580720061040965,0.017224615441373027
1.18125,0.015349910638462352,0.0017176524481933716,0.017067563086655725
1.1829999999999998,0.015230725575558258,0.0016774332561377803,0.016908158831696038
1.1847499999999997,0.015109053978313077,0.0016374296141536608,0.01674648359246674
1.1864999999999997,0.014984962064196873,0.0015976565105903725,0.016582618574787242
1.18825,0.014858516501467108,0.0015581287323195017,0.01641664523378661
1.19,0.014729784374471666,0.0015188608592542029,0.016248645233725868
1.1917499999999999,0.01459883314919086,0.001479867259000069,0.01607870040819093
1.1934999999999998,0.014465730639028366,0.0014411620816391633,0.01590689272066753
1.1952499999999997,0.014330544970860622,0.0014027592546486192,0.01573330422550924
1.1969999999999996,0.01419334455135386,0.0013646724779550643,0.015558017029308924
1.19875,0.01405419803355818,0.0013269152191262132,0.015381113252684393
1.2005,0.013913174283787863,0.0012895007087009285,0.01520267499248879
1.2022499999999998,0.01377034234879617,0.0012524419356586792,0.01502278428445485
1.2039999999999997,0.013625771423254288,0.001215751643029721,0.01484152306628401
1.2057499999999997,0.013479530817542235,0.0011794423236468144,0.014658973141189049
1.2075,0.013331689925860422,0.001143526216039576,0.014475216141899998
1.20925,0.013182318194670088,0.0011080153004722336,0.014290333495142322
1.2109999999999999,0.013031485091470353,0.0010729212951255975,0.01410440638659595
1.2127499999999998,0.012879260073920205,0.0010382556524240443,0.013917515726344249
1.2144999999999997,0.012725712559312678,0.001004029555508184,0.01372974211482086
1.2162499999999996,0.012570911894408928,0.0009702539148537031,0.01354116580926263
1.218,0.012414927325639494,0.0009369393650370783,0.013351866690676572
1.21975,0.012257827969679811,0.0009040962616485129,0.013161924231328325
1.2214999999999998,0.012099682784406854,0.000871734678352506,0.012971417462759361
1.2232499999999997,0.011940560540243896,0.0008398644040964502,0.012780424944340346
1.2249999999999996,0.011780529791899806,0.0008084949404674914,0.012589024732367296
1.22675,0.011619658850509114,0.0007776354991978154,0.01239729434970693
1.2285,0.011458015756179506,0.000747294999818572,0.012205310755998079
1.2302499999999998,0.011295668250952033,0.0007174820674623788,0.012013150318414411
1.2319999999999998,0.011132683752180624,0.0006882050308145992,0.011820888782995224
1.2337499999999997,0.010969129326335935,0.000659471920213117,0.011628601246549053
1.2354999999999996,0.010805071663239296,0.0006312904658966687,0.011436362129135964
1.23725,0.010640577050731789,0.0006036680964013944,0.011244245147133182
1.2389999999999999,0.010475711349783845,0.000576611937105476,0.01105232328688932
1.2407499999999998,0.01031053997004947,0.0005501288089214086,0.01086066877897088
1.2424999999999997,0.010145127845870782,0.0005242252271356942,0.010669353073006475
1.2442499999999996,0.009979539412736412,0.00049890740039536,0.010478446813131773
1.246,0.009813838584198617,0.00047418122984086103,0.010288019814039477
1.24775,0.009648088729253015,0.00045005230838486256,0.010098141037637877
1.2494999999999998,0.009482352650184442,0.00042652592013612677,0.009908878570320568
1.2512499999999998,0.009316692560883329,0.00040360703996798,0.00972029960085131
1.2529999999999997,0.009151170065635551,0.00038130033323049414,0.009532470398866044
1.25475,0.008985846138389158,0.0003596101556056727,0.009345456293994832
1.2565,0.00882078110250141,0.00033854055310471374,0.009159321655606125
1.2582499999999999,0.008656034610968269,0.0003180952622064452,0.008974129873174714
1.2599999999999998,0.008491665627139908,0.0002982777101359863,0.008789943337275894
1.2617499999999997,0.008327732405924309,0.0002790910152826077,0.008606823421206918
1.2634999999999996,0.008164292475481356,0.0002605379877556446,0.008424830463237
1.26525,0.008001402619409365,0.00024262113007741674,0.008244023749486781
1.267,0.007839118859426605,0.00022534263801189585,0.0080644614974385
1.2687499999999998,0.007677496438548541,0.0002087044015278918,0.007886200840076433
1.2704999999999997,0.007516589804763505,0.00019270800589548434,0.007709297810658988
1.2722499999999997,0.007356452595207282,0.00017735473291435633,0.007533807328121638
1.274,0.007197137620838153,0.0001626455622725824,0.007359783183110735
1.27575,0.0070386968516135935,0.0001485811730345318,0.007187278024648126
1.2774999999999999,0.00688118140216871,0.00013516194525624623,0.007016343347424956
1.2792499999999998,0.00672464151799803,0.0001223879617269239,0.006847029479724954
1.2809999999999997,0.006569126562140159,0.0001102590098347848,0.0066793855719749435
1.2827499999999996,0.0064146850023661505,9.877458355578258e-05,0.006513459585921933
1.2845,0.006261364398871374,8.793388556342996e-05,0.006349298284434803
1.28625,0.006109211392470965,7.773582945806628e-05,0.0061869472219290315
1.2879999999999998,0.005958271693298144,6.817904211376274e-05,0.006026450735411907
1.2897499999999997,0.005808590070005496,5.92618661411275e-05,0.005867851936146623
1.2914999999999996,0.005660210339468166,5.098236246411305e-05,0.005711192701932279
1.29325,0.005513175356988195,4.3338313008976984e-05,0.005556513669997171
1.295,0.005367527006999274,3.632722350349275e-05,0.005403854230502767
1.2967499999999998,0.005223306194270064,2.9946326384418113e-05,0.005253252520654483
1.2984999999999998,0.005080552835605608,2.419258381127608e-05,0.005104745419416883
1.3002499999999997,0.004939305852044626,1.9062690784395215e-05,0.004958368542829022
1.3019999999999996,0.004799603161551363,1.455307836517455e-05,0.004814156239916538
1.30375,0.004661481672199948,1.065991699646102e-05,0.004672141589196408
1.3054999999999999,0.004524977275849449,7.379119920946084e-06,0.004532356395770394
1.3072499999999998,0.004390124842307021,4.706346695402158e-06,0.004394831189002422
1.3089999999999997,0.004256958213977435,2.6370067986032075e-06,0.004259595220776038
1.3107499999999996,0.004125510200995923,1.1662633307059644e-06,0.004126676464326629
1.3125,0.003995812576841957,2.8903680186570197e-07,0.003996101613643822
1.31425,0.0038678960744311596,9.00781921075562e-12,0.0038678960834389793
1.3159999999999998,0.003741790382682051,2.9362699015259405e-07,0.0037420840096722033
1.3177499999999998,0.003617524143555052,1.1641070789458769e-06,0.003618688250633998
1.3194999999999997,0.003495124949560069,2.605439015459652e-06,0.003497730388575529
1.3212499999999996,0.0033746193417292904,4.611390152514515e-06,0.0033792307318818047
1.323,0.003256032808051813,7.175509730186418e-06,0.003263208317781999
1.3247499999999999,0.0031393897823663378,1.0291133224428094e-05,0.003149680915590766
1.3264999999999998,0.0030247136437078193,1.3951386766209416e-05,0.0030386650304740285
1.3282499999999997,0.002912026716104605,1.8149191628746852e-05,0.002930175907733352
1.3299999999999996,0.002801350268821498,2.287726878037695e-05,0.002824227537601875
1.33175,0.0026927045170447106,2.8128143500627944e-05,0.0027208326605453383
1.3335,0.002586108623004418,3.389415005700546e-05,0.0026200027730614237
1.3352499999999998,0.00248158069753007,4.016743644003321e-05,0.002521748133970103
1.3369999999999997,0.002379137802034223,4.6939969154023986e-05,0.002426077771188247
1.3387499999999997,0.002278795950919965,5.4203538061109566e-05,0.002332999488981074
1.3405,0.0021805701144070187,6.194976127600807e-05,0.002242519875683027
1.34225,0.002084474221771717,7.017009010899138e-05,0.0021546443118807086
1.3439999999999999,0.001990521164995464,7.88558140545696e-05,0.0020693769790500337
1.3457499999999998,0.001898722802816779,8.799806582332243e-05,0.0019867208686401012
1.3474999999999997,0.0018090899651814474,9.758782641437014e-05,0.0019066777915958176
1.3492499999999996,0.0017216324580853536,0.00010761593022591879,0.0018292483883112724
1.351,0.0016363590688044654,0.00011807307020139807,0.0017544321390058635
1.35275,0.0015532775715065064,0.0001289498030085659,0.0016822273745150723
1.3544999999999998,0.0014723947332381726,0.00014023655424914424,0.001612631287487317
1.3562499999999997,0.0013937163202826055,0.00015192362369633992,0.0015456399439789455
1.3579999999999997,0.0013172471048808244,0.00016400119055782605,0.0014812482954386504
1.35975,0.0012429908723112467,0.00017645931876156403,0.0014194501910728106
1.3615,0.001170950428321234,0.00018928796226197735,0.0013602383905832113
1.3632499999999999,0.0011011276069043247,0.00020247697036397284,0.0013036045772682977
1.3649999999999998,0.0010335232784171567,0.00021601609306228184,0.0012495393714794386
1.3667499999999997,0.0009681373580295249,0.00022989498639359332,0.0011980323444231182
1.3684999999999996,0.0009049688145012836,0.0002441032177990267,0.0011490720323003103
1.37025,0.000844015679279505,0.00025863027149441395,0.001102645950773919
1.3719999999999999,0.0007852750559095311,0.0002734655538459656,0.0010587406097554966
1.3737499999999998,0.0007287431297530005,0.00028859839874883353,0.001017341528501834
1.3754999999999997,0.000674415178006521,0.0003040180730061015,0.0009784332510126225
1.3772499999999996,0.0006222855800139543,0.00031971378170578534,0.0009419993617197396
1.379,0.0005723478278656658,0.0003356746735934778,0.0009080225014591436
1.38075,0.0005245945372778936,0.00035188984643810936,0.0008764843837160028
1.3824999999999998,0.0004790174587451554,0.00036834835238859476,0.0008473658111337502
1.3842499999999998,0.0004356074889590129,0.00038503920331883567,0.0008206466922778486
1.3859999999999997,0.0003943546824859333,0.0004019513761588923,0.0007963060586448256
1.3877499999999996,0.00035524826369737525,0.0004190738182098592,0.0007743220819072344
1.3895,0.00031827663894491346,0.00043639545244019985,0.0007546720913851134
1.3912499999999999,0.0002834274089733869,0.00045390518276126955,0.0007373325917346565
1.3929999999999998,0.0002506873815647248,0.00047159189927973905,0.0007222792808444639
1.3947499999999997,0.00022004258440550534,0.0004894444835246617,0.0007094870679301671
1.3964999999999996,0.000191478278170852,0.0005074518136469736,0.0006989300918178255
1.39825,0.00016497896981748544,0.0005256027695893186,0.000690581739406804
1.4,0.00014052842607870986,0.000543886238223865,0.0006844146643025748
