x_lambda_over_NA,PSF_1,PSF_2,sum
-1.4,0.0015003580019397201,0.012415328316416114,0.013915686318355833
-1.39825,0.0015080902922563083,0.01256962873707614,0.014077719029332449
-1.3964999999999999,0.0015154980054638242,0.012722715911821792,0.014238213917285619
-1.39475,0.0015225767695666295,0.012874521004352033,0.014397097773918663
-1.393,0.0015293223488563443,0.013024975094742925,0.01455429744359927
-1.3912499999999999,0.001535730646686139,0.013174009209243808,0.014709739855929948
-1.3895,0.001541797708195603,0.01332155435043453,0.014863352058630134
-1.3877499999999998,0.0015475197229846424,0.013467541527735974,0.015015061250720618
-1.386,0.0015528930277348898,0.01361190178826632,0.01516479481600121
-1.38425,0.0015579141087771556,0.01375456624803576,0.015312480356812916
-1.3824999999999998,0.0015625796046034215,0.01389546612347111,0.015458045728074533
-1.38075,0.0015668863083219318,0.014034532763262752,0.015601419071584681
-1.379,0.00157083117005394,0.014171697680525596,0.015742528850579536
-1.3772499999999999,0.0015744112992706787,0.014306892585265385,0.015881303884536065
-1.3755,0.0015776239670691526,0.014440049417142015,0.016017673384211166
-1.3737499999999998,0.0015804666083853948,0.014571100378521067,0.016151566986906462
-1.3719999999999999,0.0015829368241437845,0.014699977967804497,0.01628291479194828
-1.37025,0.001585032383341113,0.01482661501303158,0.016411647396372693
-1.3684999999999998,0.0015867512250640897,0.01495094470574076,0.01653769593080485
-1.36675,0.0015880914604389645,0.015072900635082834,0.016660992095521795
-1.365,0.0015890513745120145,0.015192416822176456,0.01678146819668847
-1.3632499999999999,0.0015896294280596576,0.015309427754695428,0.016899057182755087
-1.3615,0.001589824259326948,0.015423868421678632,0.01701369268100558
-1.35975,0.0015896346856932857,0.015535674348552062,0.017125309034245344
-1.3579999999999999,0.0015890597052641525,0.01564478163235317,0.01723384133761732
-1.35625,0.0015880984983877428,0.01575112697714692,0.017339225475534664
-1.3544999999999998,0.0015867504290953877,0.01585464772962305,0.017441398158718435
-1.35275,0.0015850150464646513,0.015955281914864342,0.017540296961328992
-1.351,0.0015828920859041044,0.016052968272274558,0.01763586035817866
-1.3492499999999998,0.0015803814703586826,0.016147646291655673,0.017728027762014358
-1.3475,0.0015774833114346933,0.01623925624942307,0.017816739560857765
-1.34575,0.0015741979104434744,0.01632773924494766,0.017901937155391134
-1.3439999999999999,0.0015705257593627783,0.01641303723701367,0.017983562996376448
-1.34225,0.001566467541715006,0.01649509308038066,0.018061560622095667
-1.3405,0.0015620241333613783,0.016573850562438153,0.018135874695799532
-1.3387499999999999,0.0015571966032112555,0.016649254439941516,0.018206451043152775
-1.337,0.001551986213845799,0.016721250475817035,0.018273236689662836
-1.3352499999999998,0.0015463944220551699,0.016789785476024433,0.0183361798980796
-1.3335,0.0015404228792886062,0.016854807326464872,0.01839523020575348
-1.33175,0.0015340734320166145,0.016916265029922422,0.018450338461939036
-1.3299999999999998,0.0015273481220046637,0.01697410874302665,0.018501456865031313
-1.32825,0.0015202491864977422,0.017028289813224035,0.018548538999721774
-1.3265,0.001512779058315203,0.017078760815746257,0.01859153987406146
-1.3247499999999999,0.0015049403658553286,0.017125475590562197,0.018630415956417526
-1.323,0.0014967359330091536,0.01716838927930165,0.018665125212310802
-1.32125,0.001488168778983007,0.017207458362137946,0.018695627141120955
-1.3195,0.0014792421180293955,0.017242640694616566,0.01872188281264596
-1.31775,0.0014699593590858512,0.01727389554441733,0.018743854903503183
-1.3159999999999998,0.001460324105321286,0.017301183628036988,0.018761507733358274
-1.31425,0.001450340153589701,0.017324467147379306,0.018774807300969008
-1.3125,0.0014400114937908038,0.017343709826239805,0.01878372132003061
-1.3107499999999999,0.001429342308137471,0.017358876946671955,0.018788219254809425
-1.309,0.001418336970329703,0.01736993538522181,0.01878827235555151
-1.30725,0.0014070000446350735,0.01737685364901759,0.018783853693652663
-1.3054999999999999,0.0013953362848754228,0.017379601911701636,0.018774938196577058
-1.30375,0.0013833506333198679,0.01737815204919068,0.018761502682510547
-1.3019999999999998,0.001371048219483961,0.017372477675251758,0.01874352589473572
-1.30025,0.001358434358835168,0.017362554176880048,0.018720988535715213
-1.2985,0.0013455145514045686,0.017348358749465442,0.01869387330087001
-1.2967499999999998,0.001332294480305012,0.01732987043173427,0.018662164912039283
-1.295,0.0013187800101558285,0.017307070140453094,0.018625850150608924
-1.29325,0.0013049771854142288,0.01727994070488048,0.01858491789029471
-1.2914999999999999,0.0012908922286137172,0.017248466900954128,0.018539359129567844
-1.28975,0.0012765315385097702,0.017212635485199135,0.018489167023708907
-1.2879999999999998,0.0012619016881330078,0.017172435228344284,0.018434336916477292
-1.28625,0.001247009422750385,0.01712785694863282,0.018374866371383202
-1.2845,0.0012318616577346446,0.017078893544814247,0.018310755202548892
-1.2827499999999998,0.001216465476342621,0.017025540028803486,0.018242005505146104
-1.281,0.0012008281274027573,0.01696779355799425,0.01816862168539701
-1.27925,0.0011849570229125227,0.016905653467212834,0.018090610490125357
-1.2774999999999999,0.001168859735546135,0.01683912130029917,0.0180079810358453
-1.27575,0.0011525439960734176,0.016768200841301605,0.017920744837375022
-1.274,0.0011360176906902457,0.01669289814527202,0.017828915835962265
-1.2722499999999999,0.0011192888582614686,0.016613221568647987,0.017732510426909456
-1.2705,0.0011023656874770019,0.016529181799208734,0.017631547486685738
-1.2687499999999998,0.001085256513921813,0.016440791885591312,0.017526048399513123
-1.267,0.0010679698170608127,0.016348067266354484,0.017416037083415298
-1.26525,0.0010505142171393384,0.01625102579857608,0.01730154001571542
-1.2634999999999998,0.0010328984720003702,0.016149687785971898,0.017182586257972268
-1.26175,0.001015131473819228,0.0160440760065222,0.01705920748034143
-1.26,0.0009972222457569938,0.015934215739593242,0.016931437985350236
-1.2582499999999999,0.000979179938533492,0.01582013479254093,0.01679931473107442
-1.2565,0.0009610138269211532,0.0157018635267836,0.016662877353704756
-1.25475,0.0009427333061606802,0.0155794348833313,0.01652216818949198
-1.253,0.0009243478882998764,0.01545288440775883,0.016377232296058707
-1.25125,0.000905867198456804,0.01532225027461011,0.016228117473066912
-1.2494999999999998,0.0008873009710084465,0.015187573311221078,0.016074874282229524
-1.24775,0.0008686590457063752,0.01504889702094918,0.015917556066655555
-1.246,0.0008499513637205534,0.014906267605796665,0.015756218969517222
-1.2442499999999999,0.0008311879636128326,0.01475973398841593,0.015590921952028762
-1.2425,0.0008123789772415055,0.014609347833484717,0.015421726810726222
-1.24075,0.0007935346255983152,0.014455163568438921,0.015248698194037236
-1.2389999999999999,0.0007746652145795882,0.014297238403551734,0.015071903618131322
-1.23725,0.0007557811306928312,0.014135632351346985,0.014891413482039817
-1.2355,0.0007368928367005885,0.013970408245335252,0.014707301082035842
-1.23375,0.0007180108672029603,0.013801631758061279,0.01451964262526424
-1.232,0.000699145824160654,0.013629371418451582,0.014328517242612235
-1.2302499999999998,0.0006803083723600485,0.013453698628450618,0.014134007000810665
-1.2285,0.0006615092348222105,0.013274687678935266,0.013936196913757477
-1.22675,0.0006427591881574213,0.01309241576489586,0.013735174953053281
-1.2249999999999999,0.0006240690578671728,0.012906962999873843,0.013531032057741017
-1.22325,0.0006054497135954084,0.012718412429645226,0.013323862143240633
-1.2214999999999998,0.0005869120643307977,0.012526850045139171,0.013113762109469969
-1.21975,0.000568467053562114,0.012332364794582138,0.01290083184814425
-1.218,0.000550125654388439,0.012135048594856946,0.012685174249245385
-1.21625,0.000531898864586367,0.011934996342067294,0.01246689520665366
-1.2145,0.0005137977016359935,0.011732305921297996,0.01224610362293399
-1.21275,0.0004958331977079125,0.011527078215561272,0.012022911413269183
-1.2109999999999999,0.00047801639461307773,0.011319417113920021,0.011797433508533099
-1.20925,0.0004603583387178033,0.011109429518778883,0.011569787857496686
-1.2075,0.00044287007582582424,0.010897225352334193,0.011340095428160018
-1.2057499999999999,0.00042556264602970466,0.010682917562174144,0.01110848020820385
-1.204,0.00040844707853369044,0.010466622126020725,0.010875069204554416
-1.2022499999999998,0.0003915343864501399,0.010248458055605012,0.010639992442055152
-1.2005,0.0003748355615718911,0.0100285473996679,0.010403382961239792
-1.19875,0.00035836156912261977,0.009807015246078354,0.010165376815200973
-1.1969999999999998,0.00034212334248760333,0.00958398972306151,0.009926113065549113
-1.19525,0.00032613177792709797,0.00935960199952951,0.009685733777456608
-1.1935,0.00031039772927459223,0.009133986284507279,0.00944438401378187
-1.1917499999999999,0.00029493200262238595,0.008907279825647058,0.009202211828269444
-1.19,0.00027974535099666806,0.00867962290682458,0.008959368257821248
-1.18825,0.00026484846902463286,0.008451158844810245,0.008716007313834878
-1.1864999999999999,0.00025025198759583606,0.00822203398500949,0.008472285972605327
-1.18475,0.0002359664685203503,0.007992397696266399,0.008228364164786749
-1.1829999999999998,0.0002220023991859779,0.007762402364724047,0.007984404763910024
-1.18125,0.00020837018721708763,0.007532203386737404,0.007740573573954491
-1.1795,0.00019508015513738035,0.007301959160832216,0.007497039315969596
-1.1777499999999999,0.00018214253503914062,0.007071831078705934,0.007253973613745075
-1.176,0.00016956746326139683,0.006841983515265644,0.007011550978527041
-1.17425,0.00015736497507941644,0.0066125838176981444,0.006769948792777561
-1.1724999999999999,0.00014554499940812765,0.006383802293568765,0.006529347292976892
-1.17075,0.00013411735352182938,0.0061558121979446295,0.00628992955146646
-1.169,0.00012309173779281822,0.005928789719538443,0.006051881457331261
-1.16725,0.00011247773045131205,0.005702913965870115,0.005815391696321426
-1.1655,0.00010228478236930218,0.005478366947442778,0.0055806517298120795
-1.1637499999999998,9.252221187073643e-05,0.00525533356093012,0.005347855772800856
-1.162,8.319919957064074e-05,0.005034001571373375,0.005117200770944015
-1.16025,7.43247832456615e-05,0.004814561593384668,0.00488888637663033
-1.1584999999999999,6.590785273852774e-05,0.004597207071355739,0.004663114924094266
-1.15675,5.7957144899009886e-05,0.004382134258669847,0.0044400914035688565
-1.155,5.048123856384945e-05,0.004169542195915613,0.004220023434479463
-1.1532499999999999,4.348854957819331e-05,0.003959632688101784,0.004003121237679978
-1.1515,3.6987325861065416e-05,0.0037526102808722304,0.0037895976067332956
-1.14975,3.0985642517340685e-05,0.0035486822357205547,0.0035796678782378955
-1.148,2.549139699878245e-05,0.003348058504204095,0.0033735499012028775
-1.14625,2.05123043165951e-05,0.003150951701157913,0.0031714640054745077
-1.1444999999999999,1.6055892308006528e-05,0.0029575770769083476,0.0029736329692163542
-1.14275,1.2129496959353482e-05,0.0027681524884878733,0.0027802819854472268
-1.141,8.74025778814227e-06,0.002582898369851439,0.002591638627639581
-1.1392499999999999,5.895113286540516e-06,0.002402037701096145,0.0024079328143826856
-1.1375,3.6007964287579755e-06,0.002225795976685901,0.002229396773114659
-1.1357499999999998,1.8638302447296512e-06,0.0020544011726825492,0.0020562650029272785
-1.134,6.905234625443586e-07,0.001888083712986472,0.0018887742364490164
-1.13225,8.696622199840726e-08,0.0017270764345885053,0.0017271634008105036
-1.1305,5.9025861677419596e-08,0.0015716145518366435,0.001571673577698321
-1.12875,6.123427819224587e-07,0.0014219356197204044,0.0014225479625023269
-1.127,1.7523263860334897e-06,0.0012782794961765736,0.001280031822562607
-1.1252499999999999,3.4841511020375853e-06,0.0011408883034198466,0.0011443724545218844
-1.1235,5.812752487322568e-06,0.0010100063883030008,0.0010158191407903232
-1.12175,8.742823418429688e-06,0.0008858802817105048,0.0008946231051289344
-1.1199999999999999,1.2278810368250285e-05,0.0007687586569908141,0.0007810374673590644
-1.11825,1.642490977287307e-05,0.0006588922874321675,0.0006753171972050405
-1.1164999999999998,2.1185064490282466e-05,0.0005565340027872678,0.0005777190672775503
-1.11475,2.6562960353091458e-05,0.0004619386448527832,0.0004885016052058747
-1.113,3.2562022817460016e-05,0.0003753630221094248,0.0004079250449268848
-1.11125,3.918541371032108e-05,0.00029706586342914475,0.00033625127713946587
-1.1095,4.6436028077014035e-05,0.00022730777085600855,0.0002737437989330226
-1.10775,5.43164911313606e-05,0.00016635117146778,0.0002206676625991406
-1.1059999999999999,6.28291553102595e-05,0.00011446026832533443,0.00017728942363559393
-1.10425,7.197609743472483e-05,7.190099051776244e-05,0.00014387708795248727
-1.1025,8.175911597940537e-05,3.894094231077375e-05,0.00012070005829017913
-1.10075,9.217972845243172e-05,1.5849351406845195e-05,0.00010802907985927693
-1.099,0.0001032391688875339,2.8970163254935456e-06,0.00010613618521302744
-1.0972499999999998,0.00011493838545024666,3.5625291254566985e-07,0.00011529463836279233
-1.0955,0.00012727803816002056,8.500839987557431e-06,0.00013577887814757798
-1.09375,0.00014025849673000276,2.760596413879267e-05,0.00016786446086879543
-1.092,0.00015387983852622764,5.794816367551972e-05,0.00021182800220174736
-1.09025,0.0001681418466478701,9.980527174768802e-05,0.0002679471183955581
-1.0885,0.00018304400813024517,0.0001534563586432682,0.00033650036677351336
-1.0867499999999999,0.00019858551227211902,0.00021918167327404097,0.00041776718554615997
-1.085,0.00021476524908889733,0.0002972625838605628,0.0005120278329494601
-1.08325,0.00023158180789319225,0.0003879815178278218,0.000619563325721014
-1.0815,0.0002490334760042448,0.0004916219009228788,0.0007406553769271235
-1.07975,0.00026711823758755537,0.0006084680955663715,0.0008755863331539268
-1.0779999999999998,0.00028583377262619874,0.0007388053384502368,0.0010246391110764355
-1.07625,0.00030517745602498113,0.0008829196773935765,0.0011880971334185576
-1.0745,0.00032514635684887094,0.0010410979074699299,0.0013662442643188008
-1.0727499999999999,0.0003457372376967568,0.001213627506418404,0.001559364744115161
-1.071,0.0003669465542118063,0.0014007965693522053,0.0017677431235640117
-1.0692499999999998,0.0003887704547294761,0.0016028937427781684,0.0019916641975076445
-1.0675,0.0004112047800642328,0.0018202081579406274,0.0022314129380048603
-1.06575,0.0004342450634359916,0.002053029363504464,0.002487274426940456
-1.064,0.00045788653053719893,0.002301647257590804,0.0027595337881280027
-1.06225,0.0004821240997414806,0.0025663520191807603,0.003048476118922241
-1.0605,0.0005069523824545924,0.002847434038901319,0.0033543864213559115
-1.0587499999999999,0.0005323656836086091,0.0031451838492095137,0.003677549532818123
-1.057,0.0005583580022998412,0.0034598920539889097,0.004018250056288751
-1.05525,0.0005849230325713816,0.0037918492575755693,0.004376772290146951
-1.0534999999999999,0.0006120541643406391,0.0041413459932281155,0.0047534001575687546
-1.05175,0.000639744484472572,0.0045086726510584286,0.005148417135531001
-1.0499999999999998,0.000667986777999,0.0048941194054401334,0.0055621061834391335
-1.04825,0.0006967735294844333,0.005297976141909812,0.0059947496713942455
-1.0465,0.0007260969245387645,0.005720532383579782,0.006446629308118546
-1.04475,0.000755948851477135,0.006162077217077652,0.006918026068554788
-1.043,0.0007863209031271287,0.006622899218031466,0.007409220121158595
-1.04125,0.0008172043787835503,0.007103286376116698,0.007920490754900249
-1.0394999999999999,0.0008485902863108149,0.007603526019684127,0.008452116305994942
-1.03775,0.0008804693443930056,0.008123904739985146,0.009004374084378151
-1.036,0.0009128319849315582,0.008664708315014008,0.009577540299945566
-1.03425,0.0009456683555905168,0.00922622163298447,0.010171889988574986
-1.0325,0.0009789683224890756,0.00980872861545936,0.010787696937948435
-1.0307499999999998,0.0010127214730413997,0.010412512140153079,0.01142523361319448
-1.029,0.0010469171189431336,0.011037853963423784,0.012084771082366918
-1.02725,0.0010815442993045606,0.011685034642476975,0.012766578941781535
-1.0255,0.0011165917839296813,0.012354333457297651,0.013470925241227333
-1.02375,0.0011520480767409447,0.013046028332331564,0.014198076409072509
-1.022,0.0011879014193489459,0.013760395757935086,0.014948297177284032
-1.0202499999999999,0.0012241397947665047,0.014497710711613829,0.015721850506380333
-1.0185,0.0012607509312664163,0.015258246579068858,0.016518997510335275
-1.01675,0.00129772230638211,0.016042275075072575,0.017339997381454687
-1.015,0.0013350411510504182,0.016850066164192486,0.018185107315242904
-1.01325,0.0013726944538954642,0.01768188798138451,0.019054582435279976
-1.0114999999999998,0.0014106689656528187,0.018538006752476816,0.019948675718129635
-1.00975,0.0014489512037328134,0.01941868671456309,0.020867637918295903
-1.008,0.00148752745692192,0.020324190036328443,0.021811717493250362
-1.00625,0.0015263837902210464,0.021254776738327003,0.022781160528548047
-1.0045,0.0015655060498195154,0.022210704613233365,0.023776210663052882
-1.00275,0.001604879868203324,0.023192229146087862,0.024797109014291187
-1.001,0.001644490669396538,0.02419960343455984,0.025844094103956376
-0.99925,0.0016843236743340523,0.025233078109245625,0.026917401783579677
-0.9974999999999999,0.0017243639063645715,0.0262929012540282,0.02801726516039277
-0.9957499999999999,0.00176459619688192,0.027379318326514676,0.029143914523396597
-0.994,0.0018050051910832527,0.028492572078578422,0.030297577269661674
-0.99225,0.0018455753538523618,0.029632902477023333,0.03147847783087569
-0.9904999999999999,0.0018862909757663704,0.030800546624394038,0.03268683760016041
-0.98875,0.0019271361792238435,0.03199573867995502,0.033922874859178866
-0.9869999999999999,0.001968094924692658,0.03321870978085772,0.03518680470555038
-0.98525,0.002009151017075345,0.03446968796351938,0.03647883898059473
-0.9834999999999999,0.002050288112190209,0.03574889808523678,0.03779918619742698
-0.9817499999999999,0.002091489723365825,0.037056561746053825,0.03914805146941965
-0.98,0.0021327392281469764,0.03839289721090805,0.040525636439055025
-0.97825,0.0021740198751096893,0.039758119332076604,0.04193213920718629
-0.9764999999999999,0.002215314790783148,0.04115243947194407,0.04336775426272722
-0.97475,0.0022566069866760802,0.04257606542611461,0.04483267241279069
-0.973,0.0022978793664052933,0.04402920134689106,0.04632708071329635
-0.97125,0.0023391147329237683,0.045512047667141155,0.04785116240006492
-0.9695,0.0023802957958459483,0.04702480102457589,0.04940509682042183
-0.9677499999999999,0.0024214051788674805,0.0485676541864602,0.05098905936532768
-0.966,0.002462425427276864,0.05014079597477784,0.05260322140205471
-0.9642499999999999,0.0025033390155562874,0.05174441119187533,0.054247750207431625
-0.9624999999999999,0.0025441283550688442,0.05337868054660272,0.05592280890167157
-0.96075,0.0025847758018293977,0.055043780580977295,0.057628556382806694
-0.959,0.0026252636643561414,0.056739883597390156,0.059365147261746305
-0.9572499999999999,0.0026655742116000235,0.05846715758637743,0.06113273179797745
-0.9555,0.002705689680948914,0.060225766154978884,0.0629314558359278
-0.9537499999999999,0.0027455922863037245,0.06201586845570624,0.06476146074200996
-0.952,0.0027852642262230685,0.06383761911614026,0.06662288334236333
-0.95025,0.0028246876921337247,0.0656911681691822,0.06851585586131594
-0.9484999999999999,0.0028638448766033246,0.06757666098397852,0.07044050586058184
-0.94675,0.002902717981672363,0.06949423819753946,0.07239695617921182
-0.945,0.0029412892272420387,0.07144403564707758,0.07438532487431962
-0.9432499999999999,0.0029795408595147655,0.07342618430308165,0.0764057251625964
-0.9415,0.003017455159483776,0.075440810203151,0.07845826536263477
-0.93975,0.0030550144514687183,0.07748803438661112,0.08054304883807983
-0.938,0.0030922011116934277,0.07956797282992867,0.0826601739416221
-0.93625,0.003128997576902688,0.0816807363829503,0.08480973395985299
-0.9344999999999999,0.0031653863530142676,0.08382643070598417,0.08699181705899843
-0.93275,0.003201350023802707,0.08600515620774389,0.0892065062315466
-0.9309999999999999,0.003236871259611256,0.0882170079841778,0.09145387924378905
-0.9292499999999999,0.0032719328260883257,0.09046207575820088,0.0937340085842892
-0.9275,0.003306517592944655,0.09274044382035161,0.09604696141329626
-0.92575,0.003340608542727703,0.09505219097039341,0.0983927995131211
-0.9239999999999999,0.0033741887796092476,0.09739739045987822,0.10077157923948746
-0.92225,0.003407241538182604,0.09977610993569463,0.10318335147387724
-0.9205,0.003439750192265582,0.10218841138461976,0.10562816157688534
-0.91875,0.003471698263705316,0.10463435107888988,0.1081060493425952
-0.917,0.00350306943118115,0.10711397952281518,0.11061704895399632
-0.9152499999999999,0.0035338475390016616,0.10962734140045277,0.11316118893945444
-0.9135,0.0035640166058918898,0.11217447552435689,0.11573849213024878
-0.91175,0.0035935608337668732,0.11475541478542856,0.11834897561919543
-0.9099999999999999,0.0036224646164875083,0.11737018610387635,0.12099265072036387
-0.90825,0.003650712548594698,0.12001881038131178,0.12366952292990648
-0.9065,0.003678289434017949,0.12270130245399553,0.12637959188801348
-0.9047499999999999,0.0037051802947542017,0.12541767104724885,0.12912285134200308
-0.903,0.0037313703795130056,0.12816791873105177,0.13189928911056478
-0.9012499999999999,0.003756845172323985,0.13095204187684306,0.13470888704916706
-0.8995,0.0037815904011024404,0.13377003061553566,0.1375516210166381
-0.8977499999999999,0.003805592046169167,0.13662186879677152,0.14042746084294067
-0.8959999999999999,0.0038288363487203147,0.13950753394942259,0.1433363702981429
-0.89425,0.003851309819243216,0.14242699724336128,0.14627830706260447
-0.8925,0.003872999245874202,0.14538022345251309,0.14925322269838728
-0.8907499999999999,0.003893891702694161,0.14836717091920437,0.15226106262189854
-0.889,0.0039139745579579,0.15138779151982512,0.15530176607778304
-0.88725,0.00393323548225312,0.1544420306318184,0.15837526611407154
-0.8855,0.003951662456584978,0.15752982710200986,0.16148148955859482
-0.8837499999999999,0.003969243780382132,0.16065111321629386,0.164620356996676
-0.882,0.003985968079420202,0.16380581467068941,0.1677917827501096
-0.88025,0.0040018243136585255,0.1669938505437781,0.17099567485743664
-0.8785,0.004016801784986268,0.1702151332705382,0.17423193505552448
-0.8767499999999999,0.004030890144873708,0.17346956861758714,0.17750045876246087
-0.875,0.004044079401924728,0.17675705565984562,0.18080113506177034
-0.87325,0.004056359929326498,0.18007748675863539,0.1841338466879619
-0.8714999999999999,0.00406772247219229,0.18343074754122068,0.18749847001341297
-0.8697499999999999,0.004078158154793491,0.18681671688180718,0.19089487503660066
-0.868,0.004087658487676811,0.19023526688400877,0.19432292537168558
-0.86625,0.004096215374662755,0.19368626286479215,0.19778247823945488
-0.8644999999999999,0.004103821119721429,0.19716956333991018,0.20127338445963158
-0.86275,0.004110468433721764,0.2006850200108336,0.20479548844455536
-0.861,0.004116150441050306,0.20423247775319228,0.2083486281942426
-0.85925,0.004120860686095753,0.20781177460673314,0.21193263529282888
-0.8574999999999999,0.004124593139595336,0.21142274176680492,0.21554733490640027
-0.85575,0.0041273422048393625,0.2150652035773777,0.21919254578221709
-0.854,0.004129102723730116,0.2187389775256064,0.2228680802493365
-0.85225,0.004129869982691403,0.22244387423794473,0.22657374422063611
-0.8504999999999999,0.004129639718425115,0.22617969747781774,0.23030933719624283
-0.84875,0.004128408123511091,0.22994624414485845,0.23407465226836957
-0.847,0.004126171851846786,0.23374330427572132,0.2378694761275681
-0.84525,0.00412292802392311,0.2375706610464652,0.24169358907038832
-0.8434999999999999,0.004118674231932947,0.24142809077652888,0.24554676500846181
-0.84175,0.0041134085447089505,0.2453153629342907,0.24942877147899964
-0.84,0.004107129512487137,0.24923224014422535,0.25333936965671244
-0.8382499999999999,0.004099836171492924,0.25317847819565714,0.2572783143671501
-0.8365,0.00409152804834635,0.2571538260531179,0.2612453541014642
-0.83475,0.004082205164283162,0.26115802586831194,0.2652402310325951
-0.833,0.00407186803918859,0.2651908129936907,0.26926268103287926
-0.8312499999999999,0.004060517695440679,0.26925191599763887,0.27331243369307956
-0.8295,0.004048155661560052,0.27334105668128056,0.27738921234284064
-0.82775,0.004034783975663132,0.2774579500968972,0.28149273407256037
-0.826,0.0040204051887157985,0.2816023045679696,0.28562270975668536
-0.8242499999999999,0.004005022367584616,0.2857738217108384,0.289778844078423
-0.8225,0.003988639097882781,0.289972196457987,0.29396083555586977
-0.82075,0.003971259486608031,0.2941971170829445,0.29816837656955253
-0.819,0.003952888164569777,0.29844826522681206,0.3024011533913818
-0.8172499999999999,0.003933530288602908,0.3027253159264104,0.3066588462150133
-0.8155,0.003913191543565573,0.3070279376440454,0.31094112918761097
-0.81375,0.0038918781441186307,0.31135579229889687,0.3152476704430155
-0.8119999999999999,0.003869596836284153,0.31570853530002047,0.31957813213630465
-0.81025,0.003846354898780835,0.320085815580966,0.3239321704797468
-0.8085,0.003822160144133889,0.3244872756360098,0.3283094357801437
-0.80675,0.003797020919557416,0.3289125515579936,0.33270957247755106
-0.8049999999999999,0.0037709461076068994,0.3333612730777712,0.33713221918537806
-0.80325,0.0037439451266001603,0.33783306360525533,0.3415770087318555
-0.8015,0.0037160279308044225,0.3423275402720651,0.3460435682028695
-0.79975,0.0036872050103880284,0.3468443139757607,0.35053151898614876
-0.7979999999999999,0.003657487391134756,0.3513829894256717,0.3550404768168064
-0.79625,0.003626886633919207,0.355943165190302,0.3595700518242212
-0.7945,0.003595414833941591,0.36052443374631304,0.36411984858025465
-0.79275,0.003563084619720551,0.36512638152907567,0.3686894661487963
-0.7909999999999999,0.003529909151842375,0.3697485889847833,0.37327849813662567
-0.78925,0.0034959021214655654,0.3743906306241201,0.37788653274558565
-0.7875,0.0034610777485792736,0.37905207507747635,0.38251315282605564
-0.78575,0.0034254507800147186,0.3837324851517015,0.3871579359317162
-0.784,0.003389036487208316,0.3884314178883876,0.39182045437559593
-0.78225,0.003351850663715815,0.3931484246236734,0.3965002752873892
-0.7805,0.003313909622476384,0.39788305104955923,0.40119696067203564
-0.7787499999999999,0.0032752301928261167,0.4026348372767226,0.4059100674695488
-0.777,0.003235829717260112,0.4074033178988255,0.4106391476160856
-0.77525,0.0031957260479427456,0.4121880220583022,0.41538374810624495
-0.7735,0.003154937542965687,0.41698847351361157,0.42014341105657727
-0.7717499999999999,0.0031134830623531402,0.421804190707953,0.42491767377030615
-0.77,0.0030713819638143814,0.42663468683942013,0.42970606880323453
-0.76825,0.0030286540982431614,0.43147946993259445,0.43450812403083755
-0.7665,0.002985319804964176,0.43633804291155,0.4393233627165142
-0.7647499999999999,0.0029413999067265948,0.44120990367427154,0.44415130358099814
-0.763,0.0028969157044447776,0.4460945451684617,0.4489914608729065
-0.76125,0.0028518889716866165,0.45099145546872765,0.45384334444041424
-0.7595,0.002806341948909826,0.4559001178551301,0.4587064598040399
-0.7577499999999999,0.0027602973374466194,0.4608200108930836,0.46358030823053026
-0.756,0.0027137782932376044,0.46575060851458744,0.46846438680782504
-0.75425,0.002666808420315369,0.47069138010078077,0.4733581885210961
-0.7525,0.0026194117640388147,0.47564179056579003,0.4782612023298289
-0.75075,0.002571612804079095,0.48060130044186966,0.4831729132459488
-0.749,0.0025234364471581508,0.4855693659658111,0.4880928024129692
-0.74725,0.0024749080195411795,0.49054543916659765,0.49302034718613885
-0.7454999999999999,0.002426053259284209,0.49552896795429935,0.49795502121358365
-0.74375,0.0023768983082381335,0.50051939621018,0.5028962945184182
-0.742,0.0023274697038108763,0.5055161638780052,0.5078436335818161
-0.74025,0.002277794370489136,0.5105187070565249,0.512796501427014
-0.7384999999999999,0.002227899611121518,0.5155264580931196,0.517754357704241
-0.73675,0.002177813097964921,0.5205388456785873,0.5227166587765523
-0.735,0.0021275628634960715,0.5255552949430494,0.5276828578065454
-0.73325,0.002077177290990298,0.5305752275529584,0.5326524048439487
-0.7314999999999999,0.0020266851048697846,0.5355980618091852,0.537624746914055
-0.72975,0.0019761153608234623,0.5406232127461702,0.5425993281069937
-0.728,0.0019254974357010598,0.5456500922321095,0.5475755896678105
-0.72625,0.0018748610171838347,0.5506781090701569,0.5525529700873408
-0.7245,0.0018242360932344635,0.5557066691006273,0.5575309051938617
-0.72275,0.0017736529413290075,0.5607351753041718,0.5625088282455009
-0.721,0.0017231421174737486,0.5657630279058992,0.567486170023373
-0.71925,0.0016727344450097202,0.5707896244804368,0.5724623589254466
-0.7175,0.001622461003208269,0.5758143600578873,0.5774368210610956
-0.71575,0.0015723531156605329,0.5808366272306767,0.5824089803463373
-0.714,0.0015224423384643604,0.5858558162612552,0.5873782585997196
-0.7122499999999999,0.0014727604482119689,0.5908713151906395,0.5923440756388515
-0.7105,0.0014233394297817764,0.5958825099477623,0.597305849377544
-0.70875,0.0013742114639381808,0.600888784459617,0.6022629959235551
-0.707,0.0013254089147429163,0.6058895207621534,0.6072149296768963
-0.7052499999999999,0.0012769643167817413,0.6108840991119255,0.6121610634287074
-0.7035,0.001228910362210592,0.6158718980984429,0.6171008084606535
-0.70175,0.0011812798876249856,0.620852294757217,0.622033574644842
-0.7,0.0011341058607570328,0.6258246646834643,0.6269587705442214
-0.69825,0.0010874213670041995,0.6307883821464509,0.6318758035134552
-0.6965,0.0010412595957941138,0.6357428202044503,0.6367840798002444
-0.69475,0.0009956538267899989,0.6406873508202792,0.6416830046470692
-0.693,0.0009506374159411519,0.6456213449773976,0.6465719823933388
-0.69125,0.000906243781383185,0.650544172796542,0.6514504165779251
-0.6895,0.0008625063891927221,0.6554552036528616,0.6563177100420543
-0.68775,0.000819458739001456,0.6603538062935335,0.6611732650325349
-0.6859999999999999,0.0007771343494744097,0.6652393489558323,0.6660164833053067
-0.68425,0.0007355667436575021,0.6701111994856201,0.6708467662292776
-0.6825,0.0006947894341995058,0.6749687254562398,0.6756635148904393
-0.68075,0.0006548359084535882,0.6798112942877698,0.6804661301962235
-0.6789999999999999,0.0006157396134638193,0.6846382733666291,0.6852540129800928
-0.67725,0.0005775339408418891,0.6894490301654914,0.6900265641063333
-0.6755,0.0005402522115396615,0.694242932363488,0.6947831845750277
-0.67375,0.0005039276605230555,0.699019347966666,0.699523275627189
-0.6719999999999999,0.0004685934213528449,0.7037776454286788,0.7042462388500316
-0.67025,0.000434282510678245,0.7085171937716782,0.7089514762823564
-0.6685,0.00040102781264892643,0.7132373627073791,0.7136383905200281
-0.66675,0.0003688620632514797,0.7179375227582695,0.718306384821521
-0.665,0.00033781783457623426,0.7226170453789333,0.7229548632135095
-0.66325,0.00030792751902043063,0.7272753030774679,0.7275832305964883
-0.6615,0.0002792233134339474,0.7319116695369515,0.7321908928503855
-0.65975,0.0002517372032137164,0.7365255197369498,0.7367772569401635
-0.658,0.00022550094635304205,0.7411162300750136,0.7413417310213667
-0.65625,0.00020054605745222761,0.7456831784881588,0.745883724545611
-0.6545,0.0001769037916968522,0.7502257445742794,0.7504026483659761
-0.6527499999999999,0.00015460512881010805,0.7547433097134832,0.7548979148422933
-0.651,0.00013368075698581272,0.7592352571893112,0.7593689379462969
-0.64925,0.00011416105680854907,0.7637009723098069,0.7638151333666154
-0.6475,9.607608516765932e-05,0.7681398425284188,0.7682359186135864
-0.6457499999999999,7.945555917173294e-05,0.7725512575647019,0.7726307131238737
-0.644,6.432884007030561e-05,0.7769346095247807,0.776998938364851
-0.64225,5.072491718961801e-05,0.7812892930215642,0.781340017938754
-0.6405,3.867239188921435e-05,0.785614705294657,0.7856533776865463
-0.63875,2.8199461546296017e-05,0.7899102463299688,0.7899384457915151
-0.637,1.9333903574742663e-05,0.7941753189789621,0.7941946528825369
-0.63525,1.2103059485788104e-05,0.7984093290775353,0.798421432137021
-0.6335,6.533818997329087e-06,0.8026116855644928,0.8026182193834902
-0.63175,2.65260419894774e-06,0.8067818005995913,0.8067844532037902
-0.63,4.853537796994634e-07,0.8109190896811148,0.8109195750348944
-0.62825,5.75073257917998e-08,0.815022971762963,0.8150230292702888
-0.6265,1.3939896952926949e-06,0.8190928693712239,0.8190942633609192
-0.62475,4.519195477033615e-06,0.8231282087201892,0.8231327279156663
-0.623,9.456973540903857e-06,0.8271284198278073,0.8271378768013482
-0.62125,1.6230611686742387e-05,0.8310929366305206,0.8311091672422073
-0.6194999999999999,2.486282139907551e-05,0.8350211970974746,0.8350460599188736
-0.61775,3.537572271492505e-05,0.8389126433440688,0.8389480190667837
-0.616,4.779082921198299e-05,0.8427667217448184,0.8428145125740303
-0.61425,6.212903312439829e-05,0.8465828830454982,0.8466450120786226
-0.6125,7.841059059346435e-05,0.8503605824745446,0.850438993065138
-0.61075,9.665510706052379e-05,0.8540992798536882,0.8541959349607486
-0.609,0.00011688152280934206,0.8577984397077865,0.8579153212305958
-0.60725,0.00013910809866525387,0.8614575313738326,0.8615966394724979
-0.6055,0.00016335240185840898,0.8650760291091104,0.8652393815109689
-0.60375,0.00018963129205834423,0.8686534121984746,0.8688430434905329
-0.602,0.00021796090758717776,0.8721891650607221,0.8724071259683093
-0.60025,0.00024835665181874273,0.8756827773540341,0.8759311340058529
-0.5985,0.0002808331797707999,0.8791337440804582,0.8794145772602291
-0.59675,0.00031540438489770277,0.8825415656894103,0.8828569700743081
-0.595,0.00035208338609059526,0.8859057481801665,0.8862578315662571
-0.5932499999999999,0.0003908825148924363,0.8892258032033167,0.8896166857182091
-0.5915,0.0004318133029349765,0.8925012481611653,0.8929330614641003
-0.58975,0.00047488646960480794,0.8957316063070421,0.8962064927766468
-0.588,0.0005201119099456447,0.8989164068435036,0.8994365187534492
-0.58625,0.0005674986828038675,0.902055185019405,0.9026226837022089
-0.5845,0.0006170549992244061,0.9051474822258101,0.9057645372250345
-0.58275,0.0006687882111038752,0.9081928460907202,0.908861634301824
-0.581,0.0007227048001080901,0.9111908305725979,0.9119135353727059
-0.57925,0.0007788103668606228,0.9141409960526661,0.9149198064195266
-0.5775,0.0008371096204095413,0.9170429094259422,0.9178800190463517
-0.57575,0.0008976063679788987,0.919896144191016,0.9207937505589949
-0.574,0.0009603035050118349,0.9227002805385152,0.923660584043527
-0.57225,0.001025203005512069,0.9254549054382608,0.9264801084437728
-0.5705,0.0010923059126902446,0.9281596127250741,0.9292519186377644
-0.56875,0.001161612329921785,0.9308140031832303,0.9319756155131521
-0.567,0.0012331214120228971,0.9334176846295194,0.9346508060415423
-0.56525,0.001306831356850863,0.9359702719949086,0.9372771033517594
-0.5635,0.0013827393972353384,0.9384713874047759,0.9398541268020112
-0.56175,0.0014608417932466754,0.9409206602577008,0.9423815020509475
-0.56,0.0015411338248075665,0.943317727302791,0.9448588611275985
-0.55825,0.0016236097846543049,0.9456622327155205,0.9472858425001749
-0.5565,0.0017082629716534473,0.9479538281720692,0.9496620911437227
-0.55475,0.0017950856844799778,0.9501921729221356,0.9519872586066156
-0.553,0.0018840692156629696,0.9523769338602136,0.9542610030758767
-0.55125,0.001975203846004292,0.9545077855953074,0.9564829894413117
-0.5495,0.0020684788393761627,0.9565844105190722,0.9586528893584484
-0.54775,0.0021638824379032816,0.9586064988723616,0.9607703813102649
-0.546,0.00226140185753471,0.9605737488101628,0.9628351506676974
-0.54425,0.002361023284011286,0.9624858664649121,0.9648468897489233
-0.5425,0.0024627318692334796,0.9643425660081563,0.9668052978773897
-0.54075,0.0025665117280351526,0.9661435697105711,0.9687100814386063
-0.539,0.002672345935368131,0.9678886080002926,0.9705609539356608
-0.53725,0.0027802165239026277,0.9695774195195724,0.9723576360434751
-0.5355,0.0028901044820482604,0.9712097511797213,0.9740998556617695
-0.53375,0.0030019897524004827,0.9727853582143436,0.975787347966744
-0.532,0.0031158512306169585,0.9743040042308397,0.9774198554614567
-0.53025,0.003231666764728383,0.9757654612601665,0.9789971280248948
-0.5285,0.0033494131548881174,0.9771695098048419,0.98051892295973
-0.52675,0.003469066153564694,0.9785159388851845,0.9819850050387492
-0.525,0.0035906004661816144,0.9798045460837708,0.9833951465499524
-0.52325,0.003713989752208045,0.9810351375881078,0.9847491273403158
-0.5215,0.003839206626704312,0.9822075282314959,0.9860467348582002
-0.51975,0.003966222662326165,0.9833215415320946,0.9872877641944208
-0.518,0.004095008391790882,0.9843770097301482,0.9884720181219391
-0.51625,0.004225533310808871,0.9853737738234006,0.9895993071342094
-0.5145,0.004357765881484172,0.9863116836006559,0.9906694494821401
-0.51275,0.004491673536186488,0.987190597673498,0.9916822712096846
-0.511,0.004627222681898243,0.9880103835061513,0.9926376061880495
-0.50925,0.004764378705039082,0.988770917443481,0.99353529614852
-0.5075,0.004903105976770479,0.9894720847371181,0.9943751907138886
-0.50575,0.005043367858783322,0.990113779569712,0.9951571474284955
-0.504,0.005185126709570309,0.9906959050772935,0.9958810317868638
-0.50225,0.005328343891185535,0.9912183733697562,0.9965467172609417
-0.5005000000000001,0.005472979776493527,0.9916811055494357,0.9971540853259292
-0.49875,0.0056189937569091205,0.992084031727796,0.997703025484705
-0.497,0.00576634425063008,0.9924270910402075,0.9981934352908377
-0.49524999999999997,0.005914988711364253,0.9927102316588233,0.9986252203701876
-0.49350000000000005,0.006064883637551904,0.9929334108035394,0.9989982944410912
-0.49175,0.006215984582085268,0.9930965947510452,0.9993125793331303
-0.49,0.006368246162525575,0.9931997588419583,0.9995680050044838
-0.48824999999999996,0.0065216220718188065,0.9932428874860415,0.9997645095578603
-0.48650000000000004,0.00667606508951075,0.9932259741655002,0.999902039255011
-0.48475,0.006831527093461802,0.9931490214363624,0.9999805485298241
-0.483,0.006987959072061695,0.993012040927938,0.9999999999999998
-0.48124999999999996,0.007145311136944554,0.9928150533403581,0.9999603644773025
-0.47950000000000004,0.00730353253620397,0.9925580884401942,0.9998616209763983
-0.47775,0.00746257166810799,0.9922411850541638,0.9997037567222719
-0.476,0.0076223760953135185,0.9918643910609143,0.999486767156228
-0.47425000000000006,0.007782892559579496,0.9914277633808959,0.9992106559404753
-0.47250000000000003,0.007944066996978283,0.9909313679643205,0.9988754349612987
-0.47075,0.00810584455360395,0.9903752797772178,0.9984811243308219
-0.469,0.008268169601776468,0.9897595827855773,0.9980277523873536
-0.46725000000000005,0.008430985756740547,0.9890843699375973,0.9975153556943378
-0.4655,0.008594235893857405,0.988349743144032,0.9969439790378893
-0.46375,0.008757862166287673,0.9875558132566516,0.9963136754229392
-0.46199999999999997,0.008921806023163914,0.9867027000448112,0.995624506067975
-0.46025000000000005,0.009086008228250064,0.9857905321701445,0.9948765403983945
-0.4585,0.009250408879086026,0.9848194471593815,0.9940698560384676
-0.45675,0.00941494742661455,0.9837895913752966,0.9932045388019112
-0.45499999999999996,0.009579562695287808,0.982701119985804,0.9922806826810918
-0.45325000000000004,0.009744192903650972,0.9815541969311963,0.9912983898348472
-0.4515,0.009908775685399494,0.980348994889539,0.9902577705749385
-0.44975,0.010073248110906674,0.9790856952402351,0.9891589433511419
-0.44799999999999995,0.010237546709218724,0.977764488025762,0.9880020347349807
-0.44625000000000004,0.010401607490512697,0.9763855719115915,0.9867871794021041
-0.4445,0.010565365969014391,0.9749491541443034,0.9855145201133177
-0.44275,0.010728757186371505,0.9734554505079127,0.9841842076942842
-0.44100000000000006,0.010891715735477975,0.9719046852783987,0.9827964010138767
-0.43925000000000003,0.01105417578474552,0.9702970911764754,0.981351266961221
-0.4375,0.011216071102816902,0.9686329093185951,0.979848980421412
-0.43574999999999997,0.011377335083716977,0.9669123891662018,0.9782897242499188
-0.43400000000000005,0.011537900772435902,0.9651357884732565,0.9766736892456924
-0.43225,0.011697700890939711,0.9633033732320339,0.9750010741229735
-0.4305,0.011856667864602412,0.9614154176172147,0.9732720854818172
-0.42874999999999996,0.012014733849054654,0.9594722039282835,0.9714869377773382
-0.42700000000000005,0.012171830757442614,0.9574740225302468,0.9696458532876894
-0.42525,0.012327890288091389,0.9554211717926842,0.9677490620807756
-0.4235,0.012482843952566883,0.9533139580271551,0.9657968019797221
-0.42174999999999996,0.012636623104129486,0.9511526954229691,0.9637893185270987
-0.42000000000000004,0.012789158966573474,0.9489377059813395,0.961726864947913
-0.41825,0.01294038266344503,0.9466693194479359,0.959609702111381
-0.4165,0.01309022524763217,0.9443478732438549,0.9574380984914871
-0.41475000000000006,0.013238617731319562,0.9419737123950239,0.9552123301263434
-0.41300000000000003,0.013385491116300987,0.9395471894600566,0.9529326805763575
-0.41125,0.01353077642464151,0.9370686644565761,0.9505994408812175
-0.4095,0.013674404729682819,0.93453850478603,0.9482129095157128
-0.40775000000000006,0.013816307187382575,0.9319570851570116,0.9457733923443942
-0.406,0.013956415067981131,0.9293247875071055,0.9432812025750866
-0.40425,0.014094659787986423,0.9266420009232815,0.9407366607112679
-0.40249999999999997,0.014230972942469208,0.9239091215608541,0.9381400945033234
-0.40075000000000005,0.014365286337660328,0.9211265525610292,0.9354918388986895
-0.399,0.014497532023840864,0.9182947039670544,0.9327922359908952
-0.3972500000000001,0.014627642328516563,0.9154139926390051,0.9300416349675217
-0.39549999999999996,0.014755549889867822,0.9124848421672105,0.9272403920570783
-0.39375000000000004,0.014881187690465562,0.9095076827843567,0.9243888704748223
-0.3919999999999999,0.015004489091244074,0.9064829512762852,0.9214874403675292
-0.39025,0.015125387865721119,0.9034110908914991,0.9185364787572202
-0.38850000000000007,0.015243818234455924,0.9002925512494139,0.9155363694838698
-0.3867499999999999,0.015359714899734827,0.897127788247367,0.9124875031471018
-0.385,0.015473013080475067,0.8939172639664127,0.9093902770468878
-0.3832500000000001,0.0155836485473365,0.8906614465759247,0.9062450951232612
-0.38149999999999995,0.0156915576580308,0.887360810237026,0.9030523678950567
-0.37975000000000003,0.015796677392818002,0.8840158350048813,0.8998125123976993
-0.3780000000000001,0.01589894539017975,0.8806270067298642,0.8965259521200438
-0.37625,0.015998299982658594,0.8771948169576329,0.8931931169402916
-0.37450000000000006,0.016094680232852397,0.8737197628281307,0.8898144430609831
-0.3727499999999999,0.01618802596955333,0.8702023469735435,0.8863903729430969
-0.371,0.016278277824019673,0.866643077415239,0.8829213552392589
-0.3692500000000001,0.01636537726636996,0.8630424674597083,0.8794078447260782
-0.36749999999999994,0.016449266642087672,0.859401035593535,0.8758503022356227
-0.36575,0.016529889208625005,0.8557193053774367,0.8722491945860616
-0.3640000000000001,0.016607189172094586,0.8519978053393648,0.8686049945114593
-0.36224999999999996,0.016681111724036888,0.8482370688667413,0.8649181805907782
-0.36050000000000004,0.016751603078251888,0.8444376340978113,0.8611892371760632
-0.3587500000000001,0.016818610507682945,0.84060004381217,0.8574186543198529
-0.357,0.016882082381340948,0.8367248453204723,0.8536069277018132
-0.35525000000000007,0.01694196820125632,0.8328125903533714,0.8497545585546278
-0.3534999999999999,0.016998218639447258,0.8288638349496859,0.8458620535891331
-0.35175,0.017050785574891057,0.8248791393438542,0.8419299249187452
-0.3500000000000001,0.017099622130487005,0.8208590678526781,0.8379586899831651
-0.34824999999999995,0.017144682709997448,0.8168041887614002,0.8339488714713975
-0.34650000000000003,0.017185923034955235,0.8127150742091377,0.8299009972440929
-0.3447500000000001,0.017223300181524206,0.8085923000736884,0.8258156002552127
-0.34299999999999997,0.017256772617300565,0.8044364458557668,0.8216932184730674
-0.34125000000000005,0.01728630023804169,0.800248094562665,0.8175343948007067
-0.3394999999999999,0.017311844404310057,0.7960278325913877,0.8133396769956976
-0.33775,0.017333367978018897,0.7917762496112856,0.8091096175893046
-0.3360000000000001,0.017350835358866838,0.7874939384462132,0.80484477380508
-0.33424999999999994,0.01736421252064814,0.7831814949562367,0.8005457074768848
-0.3325,0.01737346704742577,0.7788395179189326,0.7962129849663583
-0.3307500000000001,0.017378568169553757,0.7744686089102915,0.7918471770798452
-0.32899999999999996,0.017379486799535732,0.7700693721852638,0.7874488589847997
-0.32725000000000004,0.017376195567706414,0.7656424145579791,0.7830186101256855
-0.3255000000000001,0.017368668857722716,0.7611883452816579,0.7785570141393806
-0.32375,0.017356882841850857,0.7567077759282519,0.7740646587701028
-0.32200000000000006,0.017340815516036584,0.7522013202678487,0.7695421357838853
-0.3202499999999999,0.017320446734744532,0.747669594147847,0.7649900408825916
-0.3185,0.01729575824555368,0.743113215371963,0.7604089736175166
-0.3167500000000001,0.017266733723495273,0.7385328035790655,0.7557995373025608
-0.31499999999999995,0.017233358805119746,0.7339289801218919,0.7511623389270116
-0.31325000000000003,0.01719562112227927,0.7293023679456688,0.7464979890679481
-0.3115000000000001,0.01715351033561226,0.7246535914666498,0.7418071018022621
-0.30974999999999997,0.017107018167716547,0.7199832764506265,0.7370902946183431
-0.30800000000000005,0.017056138435997535,0.7152920498914248,0.7323481883274223
-0.30625000000000013,0.017000867085178152,0.7105805398894092,0.7275814069745873
-0.3045,0.016941202219456778,0.7058493755300472,0.7227905777495041
-0.3027500000000001,0.016877144134300016,0.7010991867625397,0.7179763308968397
-0.30099999999999993,0.016808695347856638,0.6963306042785542,0.7131392996264108
-0.29925,0.016735860631979665,0.6915442593911005,0.7082801200230802
-0.2975000000000001,0.016658647042842627,0.6867407839135524,0.7033994309563951
-0.29574999999999996,0.01657706395113737,0.6819208100388701,0.6984978739900074
-0.29400000000000004,0.016491123071839694,0.6770849702190354,0.693576093290875
-0.2922500000000001,0.01640083849352953,0.6722338970447365,0.688634735538266
-0.2905,0.01630622670725278,0.6673682231253182,0.6836744498325709
-0.28875000000000006,0.016207306634911513,0.6624885809690458,0.6786958876039574
-0.2869999999999999,0.01610409965716923,0.6575956028636892,0.6736997025208584
-0.28525,0.015996629640858732,0.6526899207574721,0.6686865503983309
-0.2835000000000001,0.015884922965878907,0.6477721661403967,0.6636570891062756
-0.28174999999999994,0.015769008551568285,0.6428429699259933,0.6586119784775616
-0.28,0.01564891788254205,0.6379029623335011,0.6535518802160432
-0.2782500000000001,0.01552468503397999,0.6329527727705175,0.6484774578044976
-0.27649999999999997,0.015396346696352842,0.6279930297161445,0.6433893764124973
-0.27475000000000005,0.01526394219957421,0.6230243606046533,0.6382883028042274
-0.27300000000000013,0.015127513536566004,0.618047391709696,0.6331749052462621
-0.27125,0.014987105386224612,0.6130627480290929,0.6280498534153175
-0.2695000000000001,0.014842765135776089,0.6080710531702196,0.6229138183059958
-0.26774999999999993,0.01469454290250757,0.6030729292360183,0.6177674721385259
-0.266,0.014542491554863703,0.5980689967116619,0.6126114882665257
-0.2642500000000001,0.014386666732895348,0.5930598743518953,0.6074465410847907
-0.26249999999999996,0.014227126868049455,0.5880461790690779,0.6022733059371272
-0.26075000000000004,0.014063933202288261,0.5830285258219609,0.597092459024249
-0.2590000000000001,0.013897149806525929,0.5780075275052013,0.5919046773117274
-0.25725,0.013726843598371853,0.5729837948396725,0.5867106384380444
-0.25550000000000006,0.013553084359169108,0.5679579362635628,0.581511020622732
-0.2537499999999999,0.01337594475031666,0.5629305578243015,0.5763065025746181
-0.252,0.013195500328865123,0.55790226307134,0.5710977634002051
-0.2502500000000001,0.01301182956237442,0.5528736529498006,0.5658854825121751
-0.24849999999999994,0.012825013843023403,0.5478453256950212,0.5606703395380446
-0.24675000000000002,0.012635137500960727,0.542817876728024,0.5554530142289847
-0.2450000000000001,0.01244228781688644,0.5377918985519201,0.5502341863688066
-0.24324999999999997,0.01224655503385455,0.5327679806492817,0.5450145356831362
-0.24150000000000005,0.012048032368286582,0.5277467093805019,0.5397947417487885
-0.23975000000000013,0.011846816020185827,0.5227286678831577,0.5345754839033435
-0.238,0.011643005182543457,0.5177144359724063,0.5293574411549498
-0.23625000000000007,0.011436702049926738,0.5127045900424341,0.5241412920923608
-0.23449999999999993,0.011228011826239784,0.5076997029689699,0.5189277147952097
-0.23275,0.011017042731648758,0.5027003440128995,0.5137173867445484
-0.2310000000000001,0.010803906008661546,0.49770707872498515,0.5085109847336466
-0.22924999999999995,0.01058871592735447,0.49272046885171905,0.5033091847790736
-0.22750000000000004,0.010371589789736686,0.4877410722423333,0.49811266203206994
-0.22575000000000012,0.010152647933244708,0.482769442756974,0.4929220906902187
-0.22399999999999998,0.009932013733358655,0.4778061301760649,0.48773814390942355
-0.22225000000000006,0.009709813605332924,0.4728516801108892,0.4825614937162221
-0.22050000000000014,0.00948617700503334,0.4679066339153837,0.477392810920417
-0.21875,0.009261236428873568,0.4629715285991839,0.47223276502805744
-0.21700000000000008,0.00903512741284424,0.45804689674193505,0.4670820241547793
-0.21524999999999994,0.008807988530626802,0.45313326640886775,0.46194125493949456
-0.21350000000000002,0.008579961390787054,0.4482311610676848,0.45681112245847183
-0.2117500000000001,0.008351190633040425,0.4433410995067445,0.45169229013978496
-0.20999999999999996,0.008121823923584029,0.4384635957545809,0.4465854196781649
-0.20825000000000005,0.007892011949489344,0.4335991590007624,0.44149117095025175
-0.20650000000000013,0.007661908412149274,0.42874829351810695,0.43641020193025626
-0.20475,0.007431670019775234,0.4239114985862712,0.4313431686060464
-0.20300000000000007,0.007201456478938541,0.4190892684167269,0.4262907248956654
-0.20124999999999993,0.006971430485151091,0.41428209207913347,0.42125352256428455
-0.1995,0.0067417577124815565,0.4094904534291293,0.4162322111416109
-0.1977500000000001,0.006512606802201691,0.40471483103754663,0.4112274378397483
-0.19599999999999995,0.006284149350459696,0.39995569812106513,0.40623984747152475
-0.19425000000000003,0.006056559894976372,0.39521352247432423,0.4012700823693006
-0.19250000000000012,0.005830015900760329,0.3904887664034873,0.39631878230424755
-0.19074999999999998,0.005604697744839624,0.38578188666129076,0.3913865844061304
-0.18900000000000006,0.005380788700006629,0.38109333438357734,0.386474123083584
-0.18725000000000014,0.005158474917572964,0.3764235550273208,0.38158202994489376
-0.1855,0.004937945409133111,0.37177298831016153,0.37671093371929465
-0.18375000000000008,0.004719392027333657,0.36714206815146294,0.37186146017879657
-0.18199999999999994,0.004503009445646881,0.3625312226148815,0.36703423206052843
-0.18025000000000002,0.004288995137147185,0.3579408738524858,0.362229868989633
-0.1785000000000001,0.00407754935228867,0.35337143805040755,0.3574489874026962
-0.17674999999999996,0.0038688750956835903,0.34882332537604904,0.3526922004717326
-0.17500000000000004,0.0036631781018805288,0.3442969399268517,0.3479601180287322
-0.17325000000000013,0.003460666810142164,0.3397926796806235,0.34325334649076567
-0.17149999999999999,0.0032615523382225117,0.3353109364474454,0.33857248878566787
-0.16975000000000007,0.0030660484551442214,0.33085209582315545,0.33391814427829963
-0.16800000000000015,0.002874371552975773,0.3264165371444154,0.32929090869739114
-0.16625,0.002686740617610277,0.32200463344536967,0.32469137406298
-0.1645000000000001,0.0025033771985466108,0.3176167514159023,0.3201201286144489
-0.16274999999999995,0.002324505377674172,0.3132532513614858,0.31557775673915994
-0.16100000000000003,0.002150351737063711,0.30891448716464576,0.3110648389017095
-0.1592500000000001,0.001981145325765506,0.30460080624802144,0.306581951573787
-0.15749999999999997,0.001817117625617996,0.30031254953904435,0.30212966716466233
-0.15575000000000006,0.001658502516069309,0.2960500514362329,0.2977085539523022
-0.15400000000000014,0.0015055362380144216,0.2918136397770936,0.2933191760151081
-0.15225,0.0013584573566518576,0.28760363580765164,0.28896209316430355
-0.15050000000000008,0.0012175067233633006,0.28342035415359385,0.28463786087695714
-0.14874999999999994,0.001082927436619809,0.2792641027930355,0.28034703022965524
-0.14700000000000002,0.0009549648019195612,0.2751351830309092,0.27609014783282876
-0.1452500000000001,0.0008338662907610134,0.271033889474972,0.27186775576573297
-0.14349999999999996,0.0007198814986569672,0.26696051001343873,0.2676803915120957
-0.14175000000000004,0.0006132621021944248,0.26291532579423493,0.2635285878964294
-0.14000000000000012,0.0005142618151458201,0.25889861120586594,0.2594128730210118
-0.13824999999999998,0.0004231363436376048,0.2549106338599102,0.2553337702035478
-0.13650000000000007,0.00034014334038225726,0.25095165457512647,0.2512917979155087
-0.13475000000000015,0.0002655423579801289,0.2470219273631729,0.24728746972115304
-0.133,0.0001995948012980649,0.2431216994159418,0.24332129421723986
-0.1312500000000001,0.00014256387893185496,0.2392512110945014,0.23939377497343325
-0.12949999999999995,9.471455375979201e-05,0.23541069591963992,0.2355054104733997
-0.12775000000000003,5.631349259531781e-05,0.23160038056401527,0.23165669405661057
-0.1260000000000001,2.7629014946531754e-05,0.22782048484589476,0.22784811386084128
-0.12424999999999997,8.93104089111347e-06,0.22407122172449156,0.22408015276538268
-0.12250000000000005,4.91038075204355e-07,0.22035279729688823,0.22035328833496343
-0.12075000000000014,2.581967845215286e-06,0.2166654107965334,0.2166679927643786
-0.119,1.547823052188656e-05,0.21300925459332304,0.21302473282384493
-0.11725000000000008,3.9455609826109404e-05,0.20938451419524312,0.20942396980506922
-0.11549999999999994,7.479121646643474e-05,0.20579136825157637,0.20586615946804282
-0.11375000000000002,0.00012176343089840182,0.20222998855766325,0.20235175198856165
-0.1120000000000001,0.00018065184526622668,0.1987005400612087,0.19888119190647496
-0.11024999999999996,0.0002517372045375643,0.19520318087012775,0.1954549180746653
-0.10850000000000004,0.0003353013468424274,0.19173806226192464,0.1920733636087671
-0.10675000000000012,0.00043162714302771973,0.18830532869458674,0.18873695583761446
-0.10499999999999998,0.000540998435438937,0.18490511781899707,0.185446116254436
-0.10325000000000006,0.0006636999759409474,0.1815375604928494,0.18220126046879032
-0.10150000000000015,0.0008000173631903624,0.17820278079605129,0.17900279815924164
-0.09975,0.0009502369791716961,0.17490089604761497,0.17585113302678665
-0.09800000000000009,0.0011146459250102026,0.17163201682402113,0.17274666274903133
-0.09624999999999995,0.0012935319560748385,0.1683962469790386,0.16968977893511344
-0.09450000000000003,0.0014871834163840056,0.16519368366500062,0.16668086708138463
-0.09275000000000011,0.0016958891723286044,0.16202441735551443,0.16372030652784303
-0.09099999999999997,0.0019199385457255122,0.15888853186960006,0.16080847041532556
-0.08925000000000005,0.0021596212462161265,0.15578610439724472,0.15794572564346085
-0.08750000000000013,0.0024152273030244955,0.15271720552635326,0.15513243282937778
-0.08574999999999999,0.0026870469960893592,0.149681899271093,0.15236894626718234
-0.08400000000000007,0.002975370786585397,0.1466802431016119,0.1496556138881973
-0.08225000000000016,0.0032804892468489594,0.14371228797511573,0.14699277722196466
-0.08050000000000002,0.003602692989723633,0.1407780783682964,0.14438077135802002
-0.0787500000000001,0.0039422725973410995,0.1378776523110939,0.14181992490843498
-0.07699999999999996,0.004299518549354276,0.13501104142177225,0.13931055997112654
-0.07525000000000004,0.004674721150637465,0.13217827094330709,0.13685299209394455
-0.07350000000000012,0.005068170458471675,0.1293793597810544,0.13444753023952605
-0.07174999999999998,0.005480156209230357,0.12661432054169808,0.13209447675092845
-0.07000000000000006,0.005910967744583216,0.12388315957345425,0.12979412731803744
-0.06825000000000014,0.00636089393723561,0.1211858770075151,0.1275467709447507
-0.0665,0.006830223116220012,0.11852246680072004,0.12535268991694004
-0.06475000000000009,0.007319242991757767,0.11589291677943704,0.12321215977119482
-0.06299999999999994,0.007828240579709178,0.11329720868463225,0.12112544926434142
-0.06125000000000003,0.008357502125629036,0.11073531821811959,0.11909282034374863
-0.05950000000000011,0.008907313028447253,0.10820721508996382,0.11711452811841107
-0.05774999999999997,0.009477957763791508,0.10571286306702579,0.1151908208308173
-0.05600000000000005,0.010069719806971614,0.10325222002263268,0.11332193982960428
-0.05425000000000013,0.010682881555644397,0.10082523798734662,0.11150811954299102
-0.05249999999999999,0.011317724252177573,0.0984318632008251,0.10974958745300269
-0.05075000000000007,0.011974527905731796,0.09607203616474806,0.10804656407047986
-0.049000000000000155,0.012653571214081666,0.09374569169679067,0.10639926291087234
-0.047250000000000014,0.01335513148519326,0.09145275898563064,0.10480789047082391
-0.045500000000000096,0.014079484558578909,0.08919316164696493,0.10327264620554383
-0.043749999999999956,0.014826904726450069,0.08696681778051692,0.10179372250696699
-0.04200000000000004,0.015597664654685926,0.08477364002801861,0.10037130468270454
-0.04025000000000012,0.016392035303640883,0.08261353563214313,0.099005570935784
-0.03849999999999998,0.017210285848808755,0.08048640649637137,0.09769669234518012
-0.03675000000000006,0.018052683601365426,0.078392149245772,0.09644483284713741
-0.03500000000000014,0.01891949392861097,0.07633065528867244,0.09525014921728342
-0.03325,0.019810980174330958,0.07430181087920319,0.09411279105353416
-0.031500000000000083,0.020727403579098157,0.07230549718069529,0.09303290075979345
-0.029749999999999943,0.02166902320053665,0.07034159032990579,0.09201061353044243
-0.028000000000000025,0.02263609583356764,0.06840996150205787,0.09104605733562551
-0.026250000000000107,0.023628875930660324,0.06651047697666627,0.0901393529073266
-0.024499999999999966,0.024647615522107466,0.06464299820413438,0.08929061372624185
-0.022750000000000048,0.025692564136347327,0.0628073818730986,0.08849994600944593
-0.02100000000000013,0.02676396872035522,0.06100347997849619,0.08776744869885142
-0.01924999999999999,0.02786207356012403,0.05923113989034085,0.08709321345046489
-0.01750000000000007,0.02898712020125595,0.057490204423180945,0.0864773246244369
-0.015750000000000153,0.030139347369689203,0.05578051190621782,0.08591985927590702
-0.014000000000000012,0.03131899089257866,0.05410189625406627,0.08542088714664492
-0.012250000000000094,0.03252628361935371,0.05245418703813351,0.08498047065748722
-0.010499999999999954,0.033761455342976435,0.05083720955859177,0.08459866490156821
-0.008750000000000036,0.03502473272141924,0.04925078491693031,0.08427551763834956
-0.007000000000000117,0.036316339199387114,0.047694730089055955,0.08401106928844307
-0.005249999999999977,0.037636494930304513,0.04616885799892671,0.08380535292923123
-0.0035000000000000586,0.038985416698588946,0.04467297759269494,0.08365839429128387
-0.0017500000000001403,0.040363317842235895,0.04320689391333431,0.0835702117555702
0.0,0.04177040817573416,0.04177040817573416,0.08354081635146832
0.0017499999999999183,0.043206893913334043,0.040363317842236124,0.08357021175557017
0.0034999999999998366,0.04467297759269478,0.03898541669858906,0.08365839429128384
0.005249999999999977,0.04616885799892671,0.037636494930304513,0.08380535292923123
0.006999999999999895,0.04769473008905576,0.036316339199387246,0.084011069288443
0.008750000000000036,0.04925078491693031,0.03502473272141924,0.08427551763834956
0.010499999999999954,0.05083720955859177,0.033761455342976435,0.08459866490156821
0.012249999999999872,0.05245418703813324,0.03252628361935387,0.0849804706574871
0.014000000000000012,0.05410189625406627,0.03131899089257866,0.08542088714664492
0.01574999999999993,0.05578051190621764,0.03013934736968934,0.08591985927590698
0.01749999999999985,0.05749020442318069,0.028987120201256145,0.08647732462443684
0.01924999999999999,0.05923113989034085,0.02786207356012403,0.08709321345046489
0.020999999999999908,0.06100347997849597,0.02676396872035543,0.0877674486988514
0.022750000000000048,0.0628073818730986,0.025692564136347327,0.08849994600944593
0.024499999999999966,0.06464299820413438,0.024647615522107466,0.08929061372624185
0.026249999999999885,0.06651047697666596,0.023628875930660438,0.0901393529073264
0.028000000000000025,0.06840996150205787,0.02263609583356764,0.09104605733562551
0.029749999999999943,0.07034159032990579,0.02166902320053665,0.09201061353044243
0.03149999999999986,0.07230549718069505,0.02072740357909827,0.09303290075979334
0.03325,0.07430181087920319,0.019810980174330958,0.09411279105353416
0.03499999999999992,0.07633065528867215,0.018919493928611072,0.09525014921728321
0.03674999999999984,0.0783921492457717,0.01805268360136552,0.09644483284713723
0.03849999999999998,0.08048640649637137,0.017210285848808755,0.09769669234518012
0.0402499999999999,0.08261353563214284,0.016392035303640983,0.09900557093578381
0.04200000000000004,0.08477364002801861,0.015597664654685926,0.10037130468270454
0.043749999999999956,0.08696681778051692,0.014826904726450069,0.10179372250696699
0.045499999999999874,0.08919316164696472,0.014079484558579028,0.10327264620554374
0.047250000000000014,0.09145275898563064,0.01335513148519326,0.10480789047082391
0.04899999999999993,0.09374569169679041,0.012653571214081769,0.10639926291087218
0.05074999999999985,0.09607203616474781,0.011974527905731874,0.10804656407047969
0.05249999999999999,0.0984318632008251,0.011317724252177573,0.10974958745300269
0.05424999999999991,0.10082523798734626,0.010682881555644487,0.11150811954299075
0.05600000000000005,0.10325222002263268,0.010069719806971614,0.11332193982960428
0.05774999999999997,0.10571286306702579,0.009477957763791508,0.1151908208308173
0.059499999999999886,0.10820721508996349,0.00890731302844732,0.1171145281184108
0.06125000000000003,0.11073531821811959,0.008357502125629036,0.11909282034374863
0.06299999999999994,0.11329720868463225,0.007828240579709178,0.12112544926434142
0.06474999999999986,0.11589291677943667,0.0073192429917578235,0.1232121597711945
0.0665,0.11852246680072004,0.006830223116220012,0.12535268991694004
0.06824999999999992,0.12118587700751467,0.006360893937235661,0.1275467709447503
0.06999999999999984,0.12388315957345389,0.005910967744583265,0.12979412731803716
0.07174999999999998,0.12661432054169808,0.005480156209230357,0.13209447675092845
0.0734999999999999,0.12937935978105394,0.005068170458471738,0.1344475302395257
0.07525000000000004,0.13217827094330709,0.004674721150637465,0.13685299209394455
0.07699999999999996,0.13501104142177225,0.004299518549354276,0.13931055997112654
0.07874999999999988,0.1378776523110935,0.003942272597341136,0.14181992490843465
0.08050000000000002,0.1407780783682964,0.003602692989723633,0.14438077135802002
0.08224999999999993,0.1437122879751152,0.003280489246849,0.14699277722196422
0.08399999999999985,0.1466802431016115,0.0029753707865854307,0.14965561388819693
0.08574999999999999,0.149681899271093,0.0026870469960893592,0.15236894626718234
0.08749999999999991,0.15271720552635293,0.002415227303024526,0.15513243282937747
0.08924999999999983,0.15578610439724433,0.0021596212462161647,0.1579457256434605
0.09099999999999997,0.15888853186960006,0.0019199385457255122,0.16080847041532556
0.09274999999999989,0.16202441735551393,0.00169588917232863,0.16372030652784256
0.09450000000000003,0.16519368366500062,0.0014871834163840056,0.16668086708138463
0.09624999999999995,0.1683962469790386,0.0012935319560748385,0.16968977893511344
0.09799999999999986,0.1716320168240207,0.0011146459250102262,0.17274666274903094
0.09975,0.17490089604761497,0.0009502369791716961,0.17585113302678665
0.10149999999999992,0.17820278079605076,0.0008000173631903873,0.17900279815924114
0.10324999999999984,0.18153756049284905,0.0006636999759409617,0.18220126046879
0.10499999999999998,0.18490511781899707,0.000540998435438937,0.185446116254436
0.1067499999999999,0.18830532869458627,0.0004316271430277332,0.188736955837614
0.10850000000000004,0.19173806226192464,0.0003353013468424274,0.1920733636087671
0.11024999999999996,0.19520318087012775,0.0002517372045375643,0.1954549180746653
0.11199999999999988,0.19870054006120821,0.000180651845266235,0.19888119190647446
0.11375000000000002,0.20222998855766325,0.00012176343089840182,0.20235175198856165
0.11549999999999994,0.20579136825157637,7.479121646643474e-05,0.20586615946804282
0.11724999999999985,0.20938451419524282,3.945560982611254e-05,0.20942396980506894
0.119,0.21300925459332304,1.547823052188656e-05,0.21302473282384493
0.12074999999999991,0.21666541079653304,2.5819678452162295e-06,0.21666799276437823
0.12249999999999983,0.22035279729688748,4.91038075203948e-07,0.22035328833496268
0.12424999999999997,0.22407122172449156,8.93104089111347e-06,0.22408015276538268
0.1259999999999999,0.22782048484589412,2.7629014946528782e-05,0.22784811386084064
0.12775000000000003,0.23160038056401527,5.631349259531781e-05,0.23165669405661057
0.12949999999999995,0.23541069591963992,9.471455375979201e-05,0.2355054104733997
0.13124999999999987,0.239251211094501,0.0001425638789318484,0.23939377497343287
0.133,0.2431216994159418,0.0001995948012980649,0.24332129421723986
0.13474999999999993,0.24702192736317233,0.00026554235798012033,0.24728746972115245
0.13649999999999984,0.2509516545751259,0.00034014334038224756,0.25129179791550815
0.13824999999999998,0.2549106338599102,0.0004231363436376048,0.2553337702035478
0.1399999999999999,0.2588986112058655,0.0005142618151458085,0.25941287302101135
0.14174999999999982,0.2629153257942344,0.0006132621021944083,0.2635285878964288
0.14349999999999996,0.26696051001343873,0.0007198814986569672,0.2676803915120957
0.14524999999999988,0.27103388947497153,0.0008338662907609993,0.2718677557657325
0.14700000000000002,0.2751351830309092,0.0009549648019195612,0.27609014783282876
0.14874999999999994,0.2792641027930355,0.001082927436619809,0.28034703022965524
0.15049999999999986,0.2834203541535935,0.0012175067233632794,0.2846378608769568
0.15225,0.28760363580765164,0.0013584573566518576,0.28896209316430355
0.15399999999999991,0.2918136397770932,0.001505536238014392,0.2933191760151076
0.15574999999999983,0.2960500514362325,0.0016585025160692842,0.2977085539523017
0.15749999999999997,0.30031254953904435,0.001817117625617996,0.30212966716466233
0.1592499999999999,0.30460080624802083,0.001981145325765473,0.3065819515737863
0.16100000000000003,0.30891448716464576,0.002150351737063711,0.3110648389017095
0.16274999999999995,0.3132532513614858,0.002324505377674172,0.31557775673915994
0.16449999999999987,0.3176167514159015,0.0025033771985465973,0.3201201286144481
0.16625,0.32200463344536967,0.002686740617610277,0.32469137406298
0.16799999999999993,0.3264165371444145,0.0028743715529757586,0.32929090869739025
0.16974999999999985,0.3308520958231548,0.0030660484551442045,0.333918144278299
0.17149999999999999,0.3353109364474454,0.0032615523382225117,0.33857248878566787
0.1732499999999999,0.3397926796806228,0.0034606668101421476,0.343253346490765
0.17499999999999982,0.3442969399268512,0.0036631781018805144,0.3479601180287317
0.17674999999999996,0.34882332537604904,0.0038688750956835903,0.3526922004717326
0.17849999999999988,0.3533714380504069,0.004077549352288653,0.35744898740269554
0.18025000000000002,0.3579408738524858,0.004288995137147185,0.362229868989633
0.18199999999999994,0.3625312226148815,0.004503009445646881,0.36703423206052843
0.18374999999999986,0.3671420681514624,0.004719392027333623,0.371861460178796
0.1855,0.37177298831016153,0.004937945409133111,0.37671093371929465
0.18724999999999992,0.3764235550273201,0.005158474917572947,0.3815820299448931
0.18899999999999983,0.3810933343835767,0.005380788700006589,0.3864741230835833
0.19074999999999998,0.38578188666129076,0.005604697744839624,0.3913865844061304
0.1924999999999999,0.39048876640348656,0.005830015900760293,0.39631878230424683
0.19425000000000003,0.39521352247432423,0.006056559894976372,0.4012700823693006
0.19599999999999995,0.39995569812106513,0.006284149350459696,0.40623984747152475
0.19774999999999987,0.40471483103754596,0.006512606802201656,0.4112274378397476
0.1995,0.4094904534291293,0.0067417577124815565,0.4162322111416109
0.20124999999999993,0.41428209207913347,0.006971430485151091,0.42125352256428455
0.20299999999999985,0.4190892684167266,0.007201456478938506,0.4262907248956651
0.20475,0.4239114985862712,0.007431670019775234,0.4313431686060464
0.2064999999999999,0.4287482935181064,0.007661908412149245,0.43641020193025565
0.20824999999999982,0.4335991590007617,0.00789201194948932,0.44149117095025103
0.20999999999999996,0.4384635957545809,0.008121823923584029,0.4465854196781649
0.21174999999999988,0.4433410995067439,0.008351190633040382,0.4516922901397843
0.21350000000000002,0.4482311610676848,0.008579961390787054,0.45681112245847183
0.21524999999999994,0.45313326640886775,0.008807988530626802,0.46194125493949456
0.21699999999999986,0.45804689674193433,0.00903512741284421,0.46708202415477856
0.21875,0.4629715285991839,0.009261236428873568,0.47223276502805744
0.22049999999999992,0.467906633915383,0.009486177005033314,0.4773928109204163
0.22224999999999984,0.4728516801108889,0.009709813605332903,0.4825614937162218
0.22399999999999998,0.4778061301760649,0.009932013733358655,0.48773814390942355
0.2257499999999999,0.4827694427569732,0.01015264793324469,0.4929220906902179
0.2274999999999998,0.487741072242333,0.01037158978973667,0.49811266203206966
0.22924999999999995,0.49272046885171905,0.01058871592735447,0.5033091847790736
0.23099999999999987,0.4977070787249844,0.010803906008661532,0.5085109847336459
0.23275,0.5027003440128995,0.011017042731648758,0.5137173867445484
0.23449999999999993,0.5076997029689699,0.011228011826239784,0.5189277147952097
0.23624999999999985,0.5127045900424331,0.011436702049926703,0.5241412920923598
0.238,0.5177144359724063,0.011643005182543457,0.5293574411549498
0.2397499999999999,0.522728667883157,0.011846816020185795,0.5345754839033428
0.24149999999999983,0.5277467093805016,0.012048032368286558,0.5397947417487882
0.24324999999999997,0.5327679806492817,0.01224655503385455,0.5450145356831362
0.24499999999999988,0.5377918985519197,0.012442287816886412,0.5502341863688062
0.24675000000000002,0.542817876728024,0.012635137500960727,0.5554530142289847
0.24849999999999994,0.5478453256950212,0.012825013843023403,0.5606703395380446
0.25024999999999986,0.5528736529498,0.013011829562374398,0.5658854825121744
0.252,0.55790226307134,0.013195500328865123,0.5710977634002051
0.2537499999999999,0.5629305578243015,0.01337594475031666,0.5763065025746181
0.25549999999999984,0.5679579362635621,0.013553084359169085,0.5815110206227311
0.25725,0.5729837948396725,0.013726843598371853,0.5867106384380444
0.2589999999999999,0.5780075275052008,0.013897149806525906,0.5919046773117268
0.2607499999999998,0.5830285258219596,0.014063933202288255,0.5970924590242478
0.26249999999999996,0.5880461790690779,0.014227126868049455,0.6022733059371272
0.2642499999999999,0.5930598743518947,0.014386666732895313,0.60744654108479
0.266,0.5980689967116619,0.014542491554863703,0.6126114882665257
0.26774999999999993,0.6030729292360183,0.01469454290250757,0.6177674721385259
0.26949999999999985,0.6080710531702193,0.01484276513577608,0.6229138183059955
0.27125,0.6130627480290929,0.014987105386224612,0.6280498534153175
0.2729999999999999,0.6180473917096952,0.01512751353656599,0.6331749052462613
0.2747499999999998,0.6230243606046528,0.0152639421995742,0.638288302804227
0.27649999999999997,0.6279930297161445,0.015396346696352842,0.6433893764124973
0.2782499999999999,0.6329527727705172,0.01552468503397999,0.6484774578044973
0.2799999999999998,0.6379029623335004,0.015648917882542038,0.6535518802160425
0.28174999999999994,0.6428429699259933,0.015769008551568285,0.6586119784775616
0.28349999999999986,0.6477721661403961,0.0158849229658789,0.6636570891062751
0.28525,0.6526899207574721,0.015996629640858732,0.6686865503983309
0.2869999999999999,0.6575956028636892,0.01610409965716923,0.6736997025208584
0.28874999999999984,0.6624885809690453,0.016207306634911493,0.6786958876039568
0.2905,0.6673682231253182,0.01630622670725278,0.6836744498325709
0.2922499999999999,0.6722338970447359,0.016400838493529506,0.6886347355382654
0.2939999999999998,0.6770849702190352,0.016491123071839663,0.6935760932908749
0.29574999999999996,0.6819208100388701,0.01657706395113737,0.6984978739900074
0.2974999999999999,0.6867407839135521,0.016658647042842607,0.7033994309563947
0.29925,0.6915442593911005,0.016735860631979665,0.7082801200230802
0.30099999999999993,0.6963306042785542,0.016808695347856638,0.7131392996264108
0.30274999999999985,0.7010991867625386,0.016877144134300002,0.7179763308968385
0.3045,0.7058493755300472,0.016941202219456778,0.7227905777495041
0.3062499999999999,0.7105805398894085,0.017000867085178138,0.7275814069745866
0.30799999999999983,0.7152920498914237,0.017056138435997528,0.7323481883274212
0.30974999999999997,0.7199832764506265,0.017107018167716547,0.7370902946183431
0.3114999999999999,0.7246535914666488,0.017153510335612267,0.7418071018022611
0.3132499999999998,0.729302367945668,0.01719562112227927,0.7464979890679473
0.31499999999999995,0.7339289801218919,0.017233358805119746,0.7511623389270116
0.31674999999999986,0.7385328035790647,0.017266733723495267,0.75579953730256
0.3185,0.743113215371963,0.01729575824555368,0.7604089736175166
0.3202499999999999,0.747669594147847,0.017320446734744532,0.7649900408825916
0.32199999999999984,0.7522013202678477,0.01734081551603659,0.7695421357838843
0.32375,0.7567077759282519,0.017356882841850857,0.7740646587701028
0.3254999999999999,0.7611883452816576,0.017368668857722695,0.7785570141393803
0.3272499999999998,0.7656424145579787,0.017376195567706414,0.7830186101256851
0.32899999999999996,0.7700693721852638,0.017379486799535732,0.7874488589847997
0.3307499999999999,0.7744686089102909,0.017378568169553764,0.7918471770798446
0.3325,0.7788395179189326,0.01737346704742577,0.7962129849663583
0.33424999999999994,0.7831814949562367,0.01736421252064814,0.8005457074768848
0.33599999999999985,0.7874939384462125,0.017350835358866824,0.8048447738050793
0.33775,0.7917762496112856,0.017333367978018897,0.8091096175893046
0.3394999999999999,0.7960278325913877,0.017311844404310057,0.8133396769956976
0.34124999999999983,0.8002480945626643,0.0172863002380417,0.817534394800706
0.34299999999999997,0.8044364458557668,0.017256772617300565,0.8216932184730674
0.3447499999999999,0.8085923000736877,0.017223300181524213,0.825815600255212
0.3464999999999998,0.8127150742091369,0.017185923034955242,0.8299009972440922
0.34824999999999995,0.8168041887614002,0.017144682709997448,0.8339488714713975
0.34999999999999987,0.8208590678526775,0.017099622130487005,0.8379586899831645
0.35175,0.8248791393438542,0.017050785574891057,0.8419299249187452
0.3534999999999999,0.8288638349496859,0.016998218639447258,0.8458620535891331
0.35524999999999984,0.832812590353371,0.016941968201256343,0.8497545585546274
0.357,0.8367248453204723,0.016882082381340948,0.8536069277018132
0.3587499999999999,0.8406000438121696,0.016818610507682966,0.8574186543198524
0.3604999999999998,0.844437634097811,0.016751603078251888,0.8611892371760629
0.36224999999999996,0.8482370688667413,0.016681111724036888,0.8649181805907782
0.3639999999999999,0.8519978053393643,0.016607189172094586,0.8686049945114589
0.3657499999999998,0.8557193053774362,0.016529889208625005,0.8722491945860612
0.36749999999999994,0.859401035593535,0.016449266642087672,0.8758503022356227
0.36924999999999986,0.8630424674597078,0.016365377266369982,0.8794078447260778
0.371,0.866643077415239,0.016278277824019673,0.8829213552392589
0.3727499999999999,0.8702023469735435,0.01618802596955333,0.8863903729430969
0.37449999999999983,0.8737197628281302,0.016094680232852418,0.8898144430609827
0.37625,0.8771948169576329,0.015998299982658594,0.8931931169402916
0.3779999999999999,0.8806270067298642,0.015898945390179758,0.8965259521200439
0.3797499999999998,0.8840158350048807,0.015796677392818016,0.8998125123976985
0.38149999999999995,0.887360810237026,0.0156915576580308,0.9030523678950567
0.38324999999999987,0.8906614465759247,0.015583648547336513,0.9062450951232612
0.385,0.8939172639664127,0.015473013080475067,0.9093902770468878
0.3867499999999999,0.897127788247367,0.015359714899734827,0.9124875031471018
0.38849999999999985,0.9002925512494134,0.015243818234455945,0.9155363694838694
0.39025,0.9034110908914991,0.015125387865721119,0.9185364787572202
0.3919999999999999,0.9064829512762852,0.015004489091244074,0.9214874403675292
0.3937499999999998,0.9095076827843567,0.014881187690465576,0.9243888704748223
0.39549999999999996,0.9124848421672105,0.014755549889867822,0.9272403920570783
0.3972499999999999,0.9154139926390049,0.014627642328516583,0.9300416349675215
0.3989999999999998,0.9182947039670541,0.014497532023840892,0.932792235990895
0.40074999999999994,0.9211265525610286,0.014365286337660358,0.935491838898689
0.40249999999999986,0.9239091215608537,0.014230972942469229,0.9381400945033229
0.40425,0.9266420009232815,0.014094659787986423,0.9407366607112679
0.4059999999999999,0.9293247875071057,0.013956415067981153,0.9432812025750869
0.40774999999999983,0.9319570851570111,0.013816307187382594,0.9457733923443937
0.4095,0.93453850478603,0.013674404729682819,0.9482129095157128
0.4112499999999999,0.9370686644565759,0.013530776424641539,0.9505994408812174
0.4129999999999998,0.9395471894600557,0.013385491116301003,0.9529326805763566
0.41474999999999995,0.9419737123950235,0.013238617731319598,0.955212330126343
0.41649999999999987,0.9443478732438547,0.013090225247632177,0.9574380984914869
0.41825,0.9466693194479359,0.01294038266344503,0.959609702111381
0.41999999999999993,0.9489377059813393,0.012789158966573498,0.9617268649479128
0.42174999999999985,0.9511526954229689,0.012636623104129505,0.9637893185270985
0.4235,0.9533139580271551,0.012482843952566883,0.9657968019797221
0.4252499999999999,0.9554211717926842,0.012327890288091404,0.9677490620807756
0.4269999999999998,0.9574740225302464,0.012171830757442633,0.969645853287689
0.42874999999999996,0.9594722039282835,0.012014733849054654,0.9714869377773382
0.4304999999999999,0.9614154176172145,0.011856667864602422,0.973272085481817
0.4322499999999998,0.9633033732320336,0.01169770089093973,0.9750010741229733
0.43399999999999994,0.9651357884732565,0.011537900772435918,0.9766736892456924
0.43574999999999986,0.9669123891662016,0.011377335083716985,0.9782897242499186
0.4375,0.9686329093185951,0.011216071102816902,0.979848980421412
0.4392499999999999,0.9702970911764754,0.01105417578474553,0.981351266961221
0.44099999999999984,0.9719046852783989,0.010891715735478001,0.9827964010138769
0.44275,0.9734554505079127,0.010728757186371505,0.9841842076942842
0.4444999999999999,0.9749491541443038,0.010565365969014426,0.9855145201133182
0.4462499999999998,0.976385571911591,0.010401607490512731,0.9867871794021038
0.44799999999999995,0.977764488025762,0.010237546709218724,0.9880020347349807
0.44974999999999987,0.9790856952402351,0.010073248110906706,0.9891589433511419
0.4514999999999998,0.9803489948895383,0.00990877568539952,0.9902577705749378
0.45324999999999993,0.9815541969311965,0.009744192903650998,0.9912983898348474
0.45499999999999985,0.9827011199858042,0.009579562695287832,0.992280682681092
0.45675,0.9837895913752966,0.00941494742661455,0.9932045388019112
0.4584999999999999,0.9848194471593815,0.009250408879086056,0.9940698560384676
0.4602499999999998,0.9857905321701445,0.009086008228250095,0.9948765403983945
0.46199999999999997,0.9867027000448112,0.008921806023163914,0.995624506067975
0.4637499999999999,0.9875558132566516,0.0087578621662877,0.9963136754229392
0.4654999999999998,0.988349743144032,0.008594235893857417,0.9969439790378893
0.46724999999999994,0.9890843699375973,0.008430985756740571,0.9975153556943379
0.46899999999999986,0.9897595827855775,0.008268169601776485,0.9980277523873539
0.47075,0.9903752797772178,0.00810584455360395,0.9984811243308219
0.4724999999999999,0.99093136796432,0.007944066996978307,0.9988754349612983
0.47424999999999984,0.9914277633808959,0.007782892559579508,0.9992106559404753
0.476,0.9918643910609143,0.0076223760953135185,0.999486767156228
0.4777499999999999,0.9922411850541638,0.007462571668108002,0.9997037567222719
0.4794999999999998,0.9925580884401942,0.007303532536203985,0.9998616209763983
0.48124999999999996,0.9928150533403581,0.007145311136944554,0.9999603644773025
0.4829999999999999,0.9930120409279383,0.0069879590720617075,1.0
0.4847499999999998,0.9931490214363624,0.0068315270934618325,0.9999805485298243
0.48649999999999993,0.9932259741655002,0.006676065089510768,0.999902039255011
0.48824999999999985,0.9932428874860415,0.00652162207181882,0.9997645095578603
0.49,0.9931997588419583,0.006368246162525575,0.9995680050044838
0.4917499999999999,0.9930965947510454,0.006215984582085281,0.9993125793331306
0.4934999999999998,0.9929334108035396,0.006064883637551924,0.9989982944410915
0.49524999999999997,0.9927102316588233,0.005914988711364253,0.9986252203701876
0.4969999999999999,0.9924270910402075,0.0057663442506301074,0.9981934352908377
0.4987499999999998,0.9920840317277956,0.005618993756909143,0.9977030254847046
0.5005,0.9916811055494357,0.00547297977649355,0.9971540853259292
0.5022499999999999,0.9912183733697559,0.005328343891185556,0.9965467172609415
0.504,0.9906959050772935,0.005185126709570309,0.9958810317868638
0.5057499999999999,0.9901137795697122,0.005043367858783347,0.9951571474284957
0.5074999999999998,0.9894720847371181,0.004903105976770501,0.9943751907138886
0.50925,0.988770917443481,0.004764378705039082,0.99353529614852
0.5109999999999999,0.9880103835061516,0.004627222681898272,0.9926376061880497
0.5127499999999998,0.987190597673498,0.004491673536186508,0.9916822712096846
0.5145,0.9863116836006559,0.004357765881484172,0.9906694494821401
0.5162499999999999,0.9853737738234004,0.004225533310808892,0.9895993071342093
0.5179999999999998,0.9843770097301484,0.004095008391790892,0.9884720181219393
0.5197499999999999,0.9833215415320942,0.003966222662326181,0.9872877641944203
0.5214999999999999,0.9822075282314959,0.0038392066267043234,0.9860467348582002
0.52325,0.9810351375881078,0.003713989752208045,0.9847491273403158
0.5249999999999999,0.9798045460837705,0.003590600466181632,0.9833951465499523
0.5267499999999998,0.9785159388851847,0.0034690661535647003,0.9819850050387494
0.5285,0.9771695098048419,0.0033494131548881174,0.98051892295973
0.5302499999999999,0.9757654612601665,0.0032316667647283937,0.9789971280248948
0.5319999999999998,0.97430400423084,0.0031158512306169697,0.9774198554614569
0.53375,0.9727853582143436,0.0030019897524004827,0.975787347966744
0.5354999999999999,0.9712097511797213,0.0028901044820482686,0.9740998556617695
0.5372499999999998,0.9695774195195724,0.002780216523902647,0.9723576360434751
0.5389999999999999,0.9678886080002929,0.0026723459353681367,0.970560953935661
0.5407499999999998,0.9661435697105711,0.002566511728035162,0.9687100814386063
0.5425,0.9643425660081563,0.0024627318692334796,0.9668052978773897
0.5442499999999999,0.9624858664649121,0.002361023284011296,0.9648468897489234
0.5459999999999998,0.960573748810163,0.0022614018575347265,0.9628351506676978
0.54775,0.9586064988723616,0.0021638824379032816,0.9607703813102649
0.5494999999999999,0.9565844105190724,0.002068478839376178,0.9586528893584486
0.5512499999999998,0.9545077855953078,0.00197520384600431,0.9564829894413122
0.5529999999999999,0.9523769338602138,0.0018840692156629846,0.9542610030758769
0.5547499999999999,0.9501921729221356,0.0017950856844799908,0.9519872586066156
0.5565,0.9479538281720692,0.0017082629716534473,0.9496620911437227
0.5582499999999999,0.9456622327155207,0.0016236097846543196,0.9472858425001751
0.5599999999999998,0.9433177273027916,0.00154113382480758,0.9448588611275992
0.56175,0.9409206602577008,0.0014608417932466754,0.9423815020509475
0.5634999999999999,0.9384713874047756,0.0013827393972353514,0.939854126802011
0.5652499999999998,0.9359702719949088,0.0013068313568508746,0.9372771033517596
0.567,0.9334176846295194,0.0012331214120228971,0.9346508060415423
0.5687499999999999,0.9308140031832309,0.0011616123299217965,0.9319756155131528
0.5704999999999998,0.9281596127250743,0.0010923059126902491,0.9292519186377646
0.5722499999999999,0.9254549054382604,0.0010252030055120796,0.9264801084437724
0.5739999999999998,0.9227002805385154,0.000960303505011841,0.9236605840435272
0.57575,0.919896144191016,0.0008976063679788987,0.9207937505589949
0.5774999999999999,0.9170429094259422,0.0008371096204095453,0.9178800190463517
0.5792499999999998,0.9141409960526663,0.0007788103668606278,0.9149198064195269
0.581,0.9111908305725979,0.0007227048001080901,0.9119135353727059
0.5827499999999999,0.9081928460907199,0.0006687882111038797,0.9088616343018238
0.5844999999999998,0.9051474822258099,0.0006170549992244103,0.9057645372250342
0.5862499999999999,0.902055185019405,0.0005674986828038719,0.9026226837022089
0.5879999999999999,0.8989164068435038,0.000520111909945649,0.8994365187534494
0.5897499999999998,0.8957316063070425,0.0004748864696048148,0.8962064927766473
0.5914999999999999,0.8925012481611662,0.00043181330293497953,0.8929330614641012
0.5932499999999998,0.8892258032033169,0.0003908825148924427,0.8896166857182093
0.595,0.8859057481801665,0.00035208338609059526,0.8862578315662571
0.5967499999999999,0.8825415656894109,0.00031540438489770543,0.8828569700743086
0.5984999999999998,0.8791337440804585,0.000280833179770805,0.8794145772602294
0.60025,0.8756827773540341,0.00024835665181874273,0.8759311340058529
0.6019999999999999,0.8721891650607223,0.0002179609075871823,0.8724071259683095
0.6037499999999998,0.868653412198475,0.00018963129205834867,0.8688430434905333
0.6054999999999997,0.8650760291091106,0.00016335240185841706,0.8652393815109691
0.6072500000000001,0.8614575313738324,0.00013910809866525387,0.8615966394724976
0.609,0.8577984397077865,0.00011688152280934206,0.8579153212305958
0.6107499999999999,0.8540992798536886,9.665510706052681e-05,0.8541959349607491
0.6124999999999998,0.8503605824745448,7.841059059346704e-05,0.8504389930651383
0.6142499999999997,0.8465828830454987,6.212903312439952e-05,0.8466450120786231
0.6160000000000001,0.8427667217448181,4.779082921198299e-05,0.8428145125740301
0.61775,0.8389126433440688,3.537572271492505e-05,0.8389480190667837
0.6194999999999999,0.8350211970974746,2.486282139907551e-05,0.8350460599188736
0.6212499999999999,0.8310929366305212,1.6230611686743624e-05,0.8311091672422078
0.6229999999999998,0.8271284198278083,9.456973540904343e-06,0.8271378768013492
0.6247499999999997,0.82312820872019,4.519195477034589e-06,0.823132727915667
0.6265000000000001,0.8190928693712236,1.3939896952926949e-06,0.8190942633609188
0.62825,0.815022971762963,5.75073257917998e-08,0.8150230292702888
0.6299999999999999,0.8109190896811153,4.853537796993612e-07,0.8109195750348949
0.6317499999999998,0.8067818005995923,2.652604198947497e-06,0.8067844532037911
0.6334999999999997,0.8026116855644935,6.533818997328323e-06,0.8026182193834909
0.6352500000000001,0.7984093290775343,1.2103059485788104e-05,0.79842143213702
0.637,0.7941753189789621,1.9333903574742663e-05,0.7941946528825369
0.6387499999999999,0.7899102463299691,2.8199461546295255e-05,0.7899384457915154
0.6404999999999998,0.7856147052946575,3.867239188921344e-05,0.7856533776865467
0.6422499999999998,0.7812892930215648,5.072491718961593e-05,0.7813400179387544
0.6439999999999997,0.7769346095247814,6.432884007030208e-05,0.7769989383648518
0.64575,0.7725512575647014,7.945555917173294e-05,0.7726307131238732
0.6475,0.7681398425284188,9.607608516765932e-05,0.7682359186135864
0.6492499999999999,0.763700972309807,0.00011416105680854595,0.7638151333666156
0.6509999999999998,0.7592352571893116,0.0001336807569858094,0.7593689379462973
0.6527499999999997,0.7547433097134838,0.0001546051288101046,0.7548979148422938
0.6545000000000001,0.7502257445742785,0.0001769037916968522,0.7504026483659753
0.65625,0.7456831784881588,0.00020054605745222761,0.745883724545611
0.6579999999999999,0.741116230075014,0.00022550094635303782,0.7413417310213671
0.6597499999999998,0.7365255197369501,0.00025173720321371206,0.7367772569401638
0.6614999999999998,0.7319116695369521,0.00027922331343394286,0.7321908928503861
0.6632499999999997,0.7272753030774682,0.0003079275190204235,0.7275832305964887
0.665,0.7226170453789333,0.00033781783457623426,0.7229548632135095
0.66675,0.7179375227582695,0.0003688620632514797,0.718306384821521
0.6684999999999999,0.7132373627073796,0.00040102781264892117,0.7136383905200285
0.6702499999999998,0.7085171937716788,0.0004342825106782418,0.708951476282357
0.6719999999999997,0.7037776454286792,0.0004685934213528418,0.7042462388500319
0.6737500000000001,0.6990193479666652,0.0005039276605230555,0.6995232756271882
0.6755,0.694242932363488,0.0005402522115396615,0.6947831845750277
0.6772499999999999,0.6894490301654919,0.0005775339408418831,0.6900265641063338
0.6789999999999998,0.6846382733666294,0.0006157396134638161,0.6852540129800931
0.6807499999999997,0.6798112942877703,0.0006548359084535851,0.680466130196224
0.6824999999999997,0.6749687254562404,0.0006947894341994954,0.6756635148904399
0.68425,0.6701111994856201,0.0007355667436575021,0.6708467662292776
0.6859999999999999,0.6652393489558323,0.0007771343494744097,0.6660164833053067
0.6877499999999999,0.6603538062935341,0.0008194587390014522,0.6611732650325356
0.6894999999999998,0.6554552036528617,0.0008625063891927159,0.6563177100420544
0.6912499999999997,0.6505441727965428,0.0009062437813831742,0.6514504165779259
0.6930000000000001,0.6456213449773974,0.0009506374159411519,0.6465719823933386
0.69475,0.6406873508202792,0.0009956538267899989,0.6416830046470692
0.6964999999999999,0.6357428202044505,0.0010412595957941106,0.6367840798002447
0.6982499999999998,0.6307883821464517,0.001087421367004192,0.631875803513456
0.6999999999999997,0.6258246646834646,0.0011341058607570247,0.6269587705442218
0.7017499999999997,0.6208522947572181,0.0011812798876249693,0.6220335746448431
0.7035,0.6158718980984429,0.001228910362210592,0.6171008084606535
0.7052499999999999,0.6108840991119255,0.0012769643167817413,0.6121610634287074
0.7069999999999999,0.6058895207621542,0.0013254089147429087,0.607214929676897
0.7087499999999998,0.6008887844596174,0.0013742114639381723,0.6022629959235555
0.7104999999999997,0.5958825099477635,0.001423339429781764,0.5973058493775453
0.71225,0.590871315190639,0.0014727604482119689,0.5923440756388509
0.714,0.5858558162612552,0.0015224423384643604,0.5873782585997196
0.7157499999999999,0.5808366272306767,0.001572353115660525,0.5824089803463373
0.7174999999999998,0.5758143600578883,0.0016224610032082604,0.5774368210610966
0.7192499999999997,0.5707896244804374,0.0016727344450097156,0.5724623589254472
0.7210000000000001,0.5657630279058992,0.0017231421174737486,0.567486170023373
0.72275,0.5607351753041718,0.0017736529413290075,0.5625088282455009
0.7244999999999999,0.5557066691006279,0.0018242360932344548,0.5575309051938624
0.7262499999999998,0.5506781090701571,0.0018748610171838316,0.552552970087341
0.7279999999999998,0.54565009223211,0.0019254974357010544,0.5475755896678112
0.7297499999999997,0.5406232127461714,0.0019761153608234506,0.542599328106995
0.7315,0.5355980618091847,0.0020266851048697846,0.5376247469140545
0.73325,0.5305752275529584,0.002077177290990298,0.5326524048439487
0.7349999999999999,0.5255552949430499,0.0021275628634960676,0.5276828578065459
0.7367499999999998,0.5205388456785883,0.002177813097964916,0.5227166587765533
0.7384999999999997,0.5155264580931206,0.0022278996111215095,0.517754357704242
0.7402500000000001,0.5105187070565245,0.002277794370489136,0.5127965014270136
0.742,0.5055161638780052,0.0023274697038108763,0.5078436335818161
0.7437499999999999,0.5005193962101804,0.0023768983082381287,0.5028962945184186
0.7454999999999998,0.49552896795429985,0.0024260532592841996,0.4979550212135841
0.7472499999999997,0.4905454391665983,0.002474908019541173,0.4930203471861395
0.7489999999999997,0.4855693659658117,0.002523436447158137,0.4880928024129698
0.75075,0.48060130044186966,0.002571612804079095,0.4831729132459488
0.7525,0.47564179056579003,0.0026194117640388147,0.4782612023298289
0.7542499999999999,0.47069138010078093,0.002666808420315361,0.4733581885210963
0.7559999999999998,0.46575060851458866,0.0027137782932375944,0.4684643868078262
0.7577499999999997,0.4608200108930844,0.002760297337446611,0.46358030823053104
0.7595000000000001,0.45590011785512985,0.002806341948909826,0.4587064598040396
0.76125,0.45099145546872765,0.0028518889716866165,0.45384334444041424
0.7629999999999999,0.44609454516846214,0.0028969157044447702,0.4489914608729069
0.7647499999999998,0.4412099036742718,0.0029413999067265865,0.4441513035809984
0.7664999999999997,0.43633804291155054,0.0029853198049641714,0.43932336271651473
0.7682499999999997,0.4314794699325956,0.0030286540982431506,0.4345081240308387
0.77,0.42663468683942013,0.0030713819638143814,0.42970606880323453
0.7717499999999999,0.421804190707953,0.0031134830623531402,0.42491767377030615
0.7734999999999999,0.4169884735136121,0.0031549375429656794,0.4201434110565778
0.7752499999999998,0.41218802205830246,0.0031957260479427417,0.41538374810624523
0.7769999999999997,0.40740331789882633,0.003235829717260101,0.41063914761608644
0.77875,0.4026348372767222,0.0032752301928261167,0.4059100674695484
0.7805,0.39788305104955923,0.003313909622476384,0.40119696067203564
0.7822499999999999,0.39314842462367394,0.003351850663715811,0.39650027528738974
0.7839999999999998,0.38843141788838814,0.0033890364872083134,0.3918204543755965
0.7857499999999997,0.3837324851517022,0.003425450780014711,0.38715793593171693
0.7874999999999996,0.3790520750774773,0.003461077748579272,0.3825131528260566
0.78925,0.3743906306241201,0.0034959021214655654,0.37788653274558565
0.7909999999999999,0.3697485889847833,0.003529909151842375,0.37327849813662567
0.7927499999999998,0.36512638152907606,0.0035630846197205472,0.36868946614879666
0.7944999999999998,0.3605244337463135,0.003595414833941591,0.3641198485802551
0.7962499999999997,0.3559431651903028,0.003626886633919199,0.35957005182422197
0.798,0.3513829894256716,0.003657487391134756,0.3550404768168063
0.79975,0.3468443139757607,0.0036872050103880284,0.35053151898614876
0.8014999999999999,0.3423275402720652,0.003716027930804418,0.3460435682028696
0.8032499999999998,0.33783306360525595,0.0037439451266001534,0.3415770087318561
0.8049999999999997,0.3333612730777717,0.0037709461076068994,0.33713221918537856
0.8067500000000001,0.32891255155799337,0.003797020919557416,0.33270957247755084
0.8085,0.3244872756360098,0.003822160144133889,0.3283094357801437
0.8102499999999999,0.3200858155809661,0.00384635489878083,0.32393217047974693
0.8119999999999998,0.31570853530002085,0.003869596836284153,0.31957813213630504
0.8137499999999998,0.31135579229889737,0.0038918781441186273,0.315247670443016
0.8154999999999997,0.30702793764404607,0.003913191543565569,0.3109411291876117
0.81725,0.30272531592641,0.003933530288602908,0.3066588462150129
0.819,0.29844826522681206,0.003952888164569777,0.3024011533913818
0.8207499999999999,0.2941971170829447,0.003971259486608028,0.2981683765695527
0.8224999999999998,0.2899721964579875,0.003988639097882781,0.29396083555587027
0.8242499999999997,0.28577382171083904,0.004005022367584614,0.28977884407842364
0.8260000000000001,0.28160230456796914,0.0040204051887157985,0.2856227097566849
0.82775,0.2774579500968972,0.004034783975663132,0.28149273407256037
0.8294999999999999,0.2733410566812807,0.004048155661560052,0.27738921234284075
0.8312499999999998,0.2692519159976395,0.004060517695440677,0.27331243369308017
0.8329999999999997,0.2651908129936911,0.004071868039188588,0.2692626810328797
0.8347499999999997,0.2611580258683127,0.0040822051642831585,0.26524023103259586
0.8365,0.2571538260531179,0.00409152804834635,0.2612453541014642
0.8382499999999999,0.25317847819565714,0.004099836171492924,0.2572783143671501
0.8399999999999999,0.24923224014422568,0.004107129512487135,0.2533393696567128
0.8417499999999998,0.24531536293429135,0.0041134085447089505,0.2494287714790003
0.8434999999999997,0.24142809077652935,0.004118674231932945,0.2455467650084623
0.8452500000000001,0.23757066104646493,0.00412292802392311,0.24169358907038802
0.847,0.23374330427572132,0.004126171851846786,0.2378694761275681
0.8487499999999999,0.22994624414485895,0.004128408123511091,0.23407465226837007
0.8504999999999998,0.2261796974778177,0.004129639718425115,0.23030933719624277
0.8522499999999997,0.2224438742379451,0.004129869982691403,0.22657374422063647
0.8539999999999996,0.2187389775256069,0.004129102723730116,0.222868080249337
0.85575,0.2150652035773777,0.0041273422048393625,0.21919254578221709
0.8574999999999999,0.21142274176680492,0.004124593139595336,0.21554733490640027
0.8592499999999998,0.20781177460673353,0.004120860686095753,0.2119326352928293
0.8609999999999998,0.2042324777531929,0.004116150441050306,0.2083486281942432
0.8627499999999997,0.20068502001083413,0.004110468433721764,0.2047954884445559
0.8645,0.19716956333991004,0.004103821119721429,0.20127338445963144
0.86625,0.19368626286479215,0.004096215374662755,0.19778247823945488
0.8679999999999999,0.19023526688400896,0.004087658487676815,0.19432292537168577
0.8697499999999998,0.18681671688180732,0.004078158154793491,0.1908948750366008
0.8714999999999997,0.18343074754122113,0.0040677224721922915,0.18749847001341344
0.8732499999999996,0.18007748675863613,0.004056359929326503,0.18413384668796265
0.875,0.17675705565984562,0.004044079401924728,0.18080113506177034
0.8767499999999999,0.17346956861758714,0.004030890144873708,0.17750045876246087
0.8784999999999998,0.17021513327053833,0.004016801784986272,0.17423193505552462
0.8802499999999998,0.16699385054377852,0.004001824313658529,0.17099567485743705
0.8819999999999997,0.16380581467068994,0.003985968079420209,0.16779178275011017
0.88375,0.16065111321629366,0.003969243780382132,0.1646203569966758
0.8855,0.15752982710200986,0.003951662456584978,0.16148148955859482
0.8872499999999999,0.1544420306318187,0.00393323548225312,0.15837526611407182
0.8889999999999998,0.15138779151982557,0.003913974557957904,0.15530176607778348
0.8907499999999997,0.14836717091920473,0.0038938917026941646,0.15226106262189892
0.8925000000000001,0.14538022345251292,0.003872999245874202,0.14925322269838712
0.89425,0.14242699724336128,0.003851309819243216,0.14627830706260447
0.8959999999999999,0.13950753394942259,0.0038288363487203147,0.1433363702981429
0.8977499999999998,0.13662186879677163,0.00380559204616917,0.1404274608429408
0.8994999999999997,0.13377003061553594,0.0037815904011024404,0.13755162101663837
0.9012499999999997,0.13095204187684348,0.0037568451723239884,0.13470888704916748
0.903,0.12816791873105177,0.0037313703795130056,0.13189928911056478
0.9047499999999999,0.12541767104724885,0.0037051802947542017,0.12912285134200308
0.9064999999999999,0.12270130245399562,0.003678289434017954,0.12637959188801356
0.9082499999999998,0.12001881038131217,0.003650712548594702,0.12366952292990686
0.9099999999999997,0.1173701861038767,0.0036224646164875083,0.1209926507203642
0.9117500000000001,0.11475541478542849,0.0035935608337668732,0.11834897561919536
0.9135,0.11217447552435689,0.0035640166058918898,0.11573849213024878
0.9152499999999999,0.10962734140045277,0.0035338475390016616,0.11316118893945444
0.9169999999999998,0.10711397952281547,0.00350306943118115,0.11061704895399661
0.9187499999999997,0.1046343510788902,0.0034716982637053207,0.10810604934259552
0.9204999999999997,0.10218841138462022,0.003439750192265587,0.1056281615768858
0.92225,0.09977610993569463,0.003407241538182604,0.10318335147387724
0.9239999999999999,0.09739739045987822,0.0033741887796092476,0.10077157923948746
0.9257499999999999,0.09505219097039351,0.003340608542727709,0.09839279951312123
0.9274999999999998,0.09274044382035194,0.0033065175929446605,0.0960469614132966
0.9292499999999997,0.09046207575820114,0.0032719328260883314,0.09373400858428947
0.931,0.08821700798417759,0.003236871259611256,0.09145387924378885
0.93275,0.08600515620774389,0.003201350023802707,0.0892065062315466
0.9344999999999999,0.08382643070598417,0.0031653863530142676,0.08699181705899843
0.9362499999999998,0.08168073638295052,0.003128997576902696,0.08480973395985322
0.9379999999999997,0.07956797282992895,0.003092201111693434,0.08266017394162238
0.9397499999999996,0.07748803438661155,0.003055014451468723,0.08054304883808026
0.9415,0.075440810203151,0.003017455159483776,0.07845826536263477
0.9432499999999999,0.07342618430308165,0.0029795408595147655,0.0764057251625964
0.9449999999999998,0.07144403564707778,0.0029412892272420465,0.07438532487431984
0.9467499999999998,0.06949423819753964,0.0029027179816723697,0.07239695617921202
0.9484999999999997,0.06757666098397876,0.002863844876603331,0.07044050586058209
0.95025,0.0656911681691822,0.0028246876921337247,0.06851585586131594
0.952,0.06383761911614026,0.0027852642262230685,0.06662288334236333
0.9537499999999999,0.06201586845570624,0.0027455922863037245,0.06476146074200996
0.9554999999999998,0.06022576615497908,0.0027056896809489212,0.062931455835928
0.9572499999999997,0.058467157586377654,0.0026655742116000235,0.06113273179797768
0.9589999999999996,0.056739883597390475,0.0026252636643561526,0.059365147261746624
0.96075,0.055043780580977295,0.0025847758018293977,0.057628556382806694
0.9624999999999999,0.05337868054660272,0.0025441283550688442,0.05592280890167157
0.9642499999999998,0.05174441119187546,0.0025033390155562874,0.05424775020743175
0.9659999999999997,0.050140795974778114,0.0024624254272768726,0.05260322140205499
0.9677499999999997,0.04856765418646042,0.0024214051788674865,0.05098905936532791
0.9695,0.04702480102457589,0.0023802957958459483,0.04940509682042183
0.97125,0.045512047667141155,0.0023391147329237683,0.04785116240006492
0.9729999999999999,0.04402920134689118,0.0022978793664052985,0.04632708071329648
0.9747499999999998,0.042576065426114806,0.0022566069866760867,0.044832672412790896
0.9764999999999997,0.041152439471944254,0.002215314790783156,0.04336775426272741
0.9782500000000001,0.03975811933207652,0.0021740198751096893,0.041932139207186206
0.98,0.03839289721090805,0.0021327392281469764,0.040525636439055025
0.9817499999999999,0.037056561746053825,0.002091489723365825,0.03914805146941965
0.9834999999999998,0.03574889808523683,0.002050288112190217,0.03779918619742705
0.9852499999999997,0.03446968796351955,0.0020091510170753505,0.0364788389805949
0.9869999999999997,0.033218709780857864,0.001968094924692664,0.03518680470555053
0.98875,0.03199573867995502,0.0019271361792238435,0.033922874859178866
0.9904999999999999,0.030800546624394038,0.0018862909757663704,0.03268683760016041
0.9922499999999999,0.029632902477023333,0.0018455753538523677,0.0314784778308757
0.9939999999999998,0.028492572078578565,0.001805005191083259,0.030297577269661823
0.9957499999999997,0.027379318326514804,0.0017645961968819272,0.029143914523396732
0.9975,0.026292901254028073,0.0017243639063645715,0.028017265160392647
0.99925,0.025233078109245625,0.0016843236743340523,0.026917401783579677
1.001,0.02419960343455984,0.001644490669396538,0.025844094103956376
1.0027499999999998,0.023192229146088043,0.001604879868203331,0.024797109014291375
1.0044999999999997,0.022210704613233465,0.0015655060498195154,0.02377621066305298
1.0062499999999996,0.02125477673832727,0.0015263837902210592,0.02278116052854833
1.008,0.020324190036328443,0.00148752745692192,0.021811717493250362
1.00975,0.01941868671456309,0.0014489512037328134,0.020867637918295903
1.0114999999999998,0.018538006752476816,0.0014106689656528187,0.019948675718129635
1.0132499999999998,0.017681887981384613,0.0013726944538954699,0.01905458243528008
1.0149999999999997,0.01685006616419261,0.0013350411510504243,0.018185107315243032
1.01675,0.016042275075072575,0.00129772230638211,0.017339997381454687
1.0185,0.015258246579068858,0.0012607509312664163,0.016518997510335275
1.0202499999999999,0.014497710711613829,0.0012241397947665047,0.015721850506380333
1.0219999999999998,0.013760395757935173,0.0011879014193489459,0.01494829717728412
1.0237499999999997,0.013046028332331648,0.0011520480767409505,0.014198076409072597
1.0254999999999996,0.012354333457297815,0.0011165917839296867,0.013470925241227501
1.02725,0.011685034642476975,0.0010815442993045606,0.012766578941781535
1.029,0.011037853963423784,0.0010469171189431336,0.012084771082366918
1.0307499999999998,0.010412512140153079,0.0010127214730413997,0.01142523361319448
1.0324999999999998,0.009808728615459433,0.0009789683224890808,0.010787696937948513
1.0342499999999997,0.009226221632984536,0.0009456683555905222,0.010171889988575059
1.036,0.008664708315014008,0.0009128319849315582,0.009577540299945566
1.03775,0.008123904739985146,0.0008804693443930056,0.009004374084378151
1.0394999999999999,0.007603526019684127,0.0008485902863108149,0.008452116305994942
1.0412499999999998,0.007103286376116768,0.0008172043787835551,0.007920490754900323
1.0429999999999997,0.006622899218031545,0.0007863209031271327,0.007409220121158678
1.0447499999999996,0.006162077217077758,0.0007559488514771398,0.006918026068554898
1.0465,0.005720532383579782,0.0007260969245387645,0.006446629308118546
1.04825,0.005297976141909812,0.0006967735294844333,0.0059947496713942455
1.0499999999999998,0.0048941194054401334,0.000667986777999,0.0055621061834391335
1.0517499999999997,0.004508672651058472,0.000639744484472572,0.0051484171355310445
1.0534999999999997,0.004141345993228157,0.0006120541643406436,0.004753400157568801
1.05525,0.0037918492575755693,0.0005849230325713816,0.004376772290146951
1.057,0.0034598920539889097,0.0005583580022998412,0.004018250056288751
1.0587499999999999,0.0031451838492095137,0.0005323656836086091,0.003677549532818123
1.0604999999999998,0.002847434038901357,0.0005069523824545965,0.0033543864213559536
1.0622499999999997,0.0025663520191807902,0.0004821240997414806,0.003048476118922271
1.0639999999999996,0.0023016472575908666,0.00045788653053720674,0.0027595337881280734
1.06575,0.002053029363504464,0.0004342450634359916,0.002487274426940456
1.0675,0.0018202081579406274,0.0004112047800642328,0.0022314129380048603
1.0692499999999998,0.0016028937427781684,0.0003887704547294761,0.0019916641975076445
1.0709999999999997,0.0014007965693522367,0.0003669465542118099,0.0017677431235640468
1.0727499999999996,0.001213627506418425,0.00034573723769676,0.0015593647441151852
1.0745,0.0010410979074699299,0.00032514635684887094,0.0013662442643188008
1.07625,0.0008829196773935765,0.00030517745602498113,0.0011880971334185576
1.0779999999999998,0.0007388053384502368,0.00028583377262619874,0.0010246391110764355
1.0797499999999998,0.0006084680955663849,0.0002671182375875583,0.0008755863331539432
1.0814999999999997,0.0004916219009228905,0.0002490334760042477,0.0007406553769271382
1.08325,0.0003879815178278218,0.00023158180789319225,0.000619563325721014
1.085,0.0002972625838605628,0.00021476524908889733,0.0005120278329494601
1.0867499999999999,0.00021918167327404097,0.00019858551227211902,0.00041776718554615997
1.0884999999999998,0.0001534563586432757,0.00018304400813024763,0.0003365003667735234
1.0902499999999997,9.980527174769421e-05,0.00016814184664787238,0.0002679471183955666
1.0919999999999996,5.7948163675528156e-05,0.00015387983852622992,0.00021182800220175807
1.09375,2.760596413879267e-05,0.00014025849673000276,0.00016786446086879543
1.0955,8.500839987557431e-06,0.00012727803816002056,0.00013577887814757798
1.0972499999999998,3.5625291254566985e-07,0.00011493838545024666,0.00011529463836279233
1.0989999999999998,2.897016325492399e-06,0.00010323916888753573,0.00010613618521302813
1.1007499999999997,1.584935140684292e-05,9.21797284524334e-05,0.0001080290798592763
1.1025,3.894094231077375e-05,8.175911597940537e-05,0.00012070005829017913
1.10425,7.190099051776244e-05,7.197609743472483e-05,0.00014387708795248727
1.1059999999999999,0.00011446026832533443,6.28291553102595e-05,0.00017728942363559393
1.1077499999999998,0.0001663511714677729,5.431649113136196e-05,0.00022066766259913484
1.1094999999999997,0.00022730777085600045,4.6436028077014035e-05,0.0002737437989330145
1.1112499999999996,0.00029706586342912345,3.9185413710323335e-05,0.00033625127713944673
1.113,0.0003753630221094248,3.2562022817460016e-05,0.0004079250449268848
1.11475,0.0004619386448527832,2.6562960353091458e-05,0.0004885016052058747
1.1164999999999998,0.0005565340027872678,2.1185064490282466e-05,0.0005777190672775503
1.1182499999999997,0.0006588922874321547,1.642490977287379e-05,0.0006753171972050285
1.1199999999999997,0.0007687586569908003,1.2278810368250902e-05,0.0007810374673590511
1.12175,0.0008858802817105048,8.742823418429688e-06,0.0008946231051289344
1.1235,0.0010100063883030008,5.812752487322568e-06,0.0010158191407903232
1.1252499999999999,0.0011408883034198466,3.4841511020375853e-06,0.0011443724545218844
1.1269999999999998,0.0012782794961765512,1.752326386033721e-06,0.0012800318225625852
1.1287499999999997,0.0014219356197203814,6.123427819225946e-07,0.0014225479625023041
1.1304999999999996,0.0015716145518366084,5.902586167746248e-08,0.001571673577698286
1.13225,0.0017270764345885053,8.696622199840726e-08,0.0017271634008105036
1.134,0.001888083712986472,6.905234625443586e-07,0.0018887742364490164
1.1357499999999998,0.0020544011726825492,1.8638302447296512e-06,0.0020562650029272785
1.1374999999999997,0.0022257959766858724,3.6007964287576507e-06,0.0022293967731146303
1.1392499999999997,0.002402037701096125,5.8951132865401e-06,0.002407932814382665
1.141,0.002582898369851439,8.74025778814227e-06,0.002591638627639581
1.14275,0.0027681524884878733,1.2129496959353482e-05,0.0027802819854472268
1.1444999999999999,0.0029575770769083476,1.6055892308006528e-05,0.0029736329692163542
1.1462499999999998,0.0031509517011579003,2.051230431659435e-05,0.0031714640054744947
1.1479999999999997,0.0033480585042040835,2.5491396998781594e-05,0.003373549901202865
1.1497499999999996,0.003548682235720499,3.0985642517339764e-05,0.0035796678782378387
1.1515,0.0037526102808722304,3.6987325861065416e-05,0.0037895976067332956
1.1532499999999999,0.003959632688101784,4.348854957819331e-05,0.004003121237679978
1.1549999999999998,0.004169542195915597,5.0481238563848275e-05,0.004220023434479445
1.1567499999999997,0.004382134258669829,5.7957144899009886e-05,0.004440091403568838
1.1584999999999996,0.0045972070713557085,6.590785273852646e-05,0.004663114924094235
1.16025,0.004814561593384668,7.43247832456615e-05,0.00488888637663033
1.162,0.005034001571373375,8.319919957064074e-05,0.005117200770944015
1.1637499999999998,0.00525533356093012,9.252221187073643e-05,0.005347855772800856
1.1654999999999998,0.0054783669474427425,0.00010228478236930228,0.005580651729812045
1.1672499999999997,0.005702913965870081,0.00011247773045131205,0.005815391696321393
1.169,0.005928789719538443,0.00012309173779281822,0.006051881457331261
1.17075,0.0061558121979446295,0.00013411735352182938,0.00628992955146646
1.1724999999999999,0.006383802293568765,0.00014554499940812765,0.006529347292976892
1.1742499999999998,0.006612583817698106,0.00015736497507941644,0.006769948792777522
1.1759999999999997,0.006841983515265598,0.00016956746326139279,0.00701155097852699
1.1777499999999996,0.007071831078705891,0.0001821425350391407,0.007253973613745033
1.1795,0.007301959160832216,0.00019508015513738035,0.007497039315969596
1.18125,0.007532203386737404,0.00020837018721708763,0.007740573573954491
1.1829999999999998,0.007762402364724047,0.0002220023991859779,0.007984404763910024
1.1847499999999997,0.007992397696266366,0.00023596646852035047,0.008228364164786716
1.1864999999999997,0.008222033985009477,0.00025025198759583595,0.008472285972605314
1.18825,0.008451158844810245,0.00026484846902463286,0.008716007313834878
1.19,0.00867962290682458,0.00027974535099666806,0.008959368257821248
1.1917499999999999,0.008907279825647058,0.00029493200262238595,0.009202211828269444
1.1934999999999998,0.009133986284507241,0.0003103977292745925,0.009444384013781832
1.1952499999999997,0.00935960199952949,0.00032613177792709244,0.009685733777456584
1.1969999999999996,0.00958398972306149,0.00034212334248760333,0.009926113065549094
1.19875,0.009807015246078354,0.00035836156912261977,0.010165376815200973
1.2005,0.0100285473996679,0.0003748355615718911,0.010403382961239792
1.2022499999999998,0.010248458055605012,0.0003915343864501399,0.010639992442055152
1.2039999999999997,0.010466622126020704,0.00040844707853369044,0.010875069204554395
1.2057499999999997,0.0106829175621741,0.0004255626460297048,0.011108480208203807
1.2075,0.010897225352334193,0.00044287007582582424,0.011340095428160018
1.20925,0.011109429518778883,0.0004603583387178033,0.011569787857496686
1.2109999999999999,0.011319417113920021,0.00047801639461307773,0.011797433508533099
1.2127499999999998,0.011527078215561258,0.0004958331977079126,0.01202291141326917
1.2144999999999997,0.011732305921297969,0.0005137977016359935,0.012246103622933963
1.2162499999999996,0.011934996342067253,0.0005318988645863613,0.012466895206653615
1.218,0.012135048594856946,0.000550125654388439,0.012685174249245385
1.21975,0.012332364794582138,0.000568467053562114,0.01290083184814425
1.2214999999999998,0.012526850045139171,0.0005869120643307977,0.013113762109469969
1.2232499999999997,0.012718412429645201,0.0006054497135954026,0.013323862143240604
1.2249999999999996,0.012906962999873815,0.0006240690578671728,0.01353103205774099
1.22675,0.01309241576489586,0.0006427591881574213,0.013735174953053281
1.2285,0.013274687678935266,0.0006615092348222105,0.013936196913757477
1.2302499999999998,0.013453698628450618,0.0006803083723600485,0.014134007000810665
1.2319999999999998,0.01362937141845154,0.0006991458241606541,0.014328517242612193
1.2337499999999997,0.013801631758061251,0.0007180108672029609,0.014519642625264211
1.2354999999999996,0.013970408245335214,0.0007368928367005832,0.014707301082035797
1.23725,0.014135632351346985,0.0007557811306928312,0.014891413482039817
1.2389999999999999,0.014297238403551734,0.0007746652145795882,0.015071903618131322
1.2407499999999998,0.014455163568438907,0.0007935346255983149,0.015248698194037222
1.2424999999999997,0.0146093478334847,0.0008123789772414981,0.015421726810726198
1.2442499999999996,0.014759733988415919,0.0008311879636128262,0.015590921952028745
1.246,0.014906267605796665,0.0008499513637205534,0.015756218969517222
1.24775,0.01504889702094918,0.0008686590457063752,0.015917556066655555
1.2494999999999998,0.015187573311221078,0.0008873009710084465,0.016074874282229524
1.2512499999999998,0.0153222502746101,0.000905867198456798,0.0162281174730669
1.2529999999999997,0.015452884407758813,0.0009243478882998771,0.01637723229605869
1.25475,0.0155794348833313,0.0009427333061606802,0.01652216818949198
1.2565,0.0157018635267836,0.0009610138269211532,0.016662877353704756
1.2582499999999999,0.01582013479254093,0.000979179938533492,0.01679931473107442
1.2599999999999998,0.015934215739593235,0.000997222245756993,0.01693143798535023
1.2617499999999997,0.01604407600652218,0.001015131473819228,0.01705920748034141
1.2634999999999996,0.016149687785971877,0.0010328984720003643,0.017182586257972244
1.26525,0.01625102579857608,0.0010505142171393384,0.01730154001571542
1.267,0.016348067266354484,0.0010679698170608127,0.017416037083415298
1.2687499999999998,0.016440791885591312,0.001085256513921813,0.017526048399513123
1.2704999999999997,0.016529181799208714,0.0011023656874769967,0.01763154748668571
1.2722499999999997,0.016613221568647977,0.0011192888582614697,0.01773251042690945
1.274,0.01669289814527202,0.0011360176906902457,0.017828915835962265
1.27575,0.016768200841301605,0.0011525439960734176,0.017920744837375022
1.2774999999999999,0.01683912130029917,0.001168859735546135,0.0180079810358453
1.2792499999999998,0.01690565346721282,0.0011849570229125227,0.018090610490125343
1.2809999999999997,0.016967793557994233,0.0012008281274027584,0.018168621685396992
1.2827499999999996,0.017025540028803486,0.0012164654763426156,0.0182420055051461
1.2845,0.017078893544814247,0.0012318616577346446,0.018310755202548892
1.28625,0.01712785694863282,0.001247009422750385,0.018374866371383202
1.2879999999999998,0.017172435228344284,0.0012619016881330078,0.018434336916477292
1.2897499999999997,0.01721263548519914,0.0012765315385097652,0.01848916702370891
1.2914999999999996,0.017248466900954128,0.0012908922286137133,0.01853935912956784
1.29325,0.01727994070488048,0.0013049771854142288,0.01858491789029471
1.295,0.017307070140453094,0.0013187800101558285,0.018625850150608924
1.2967499999999998,0.01732987043173427,0.001332294480305012,0.018662164912039283
1.2984999999999998,0.017348358749465435,0.001345514551404564,0.01869387330087
1.3002499999999997,0.017362554176880055,0.001358434358835169,0.018720988535715223
1.3019999999999996,0.01737247767525175,0.001371048219483961,0.018743525894735713
1.30375,0.01737815204919068,0.0013833506333198679,0.018761502682510547
1.3054999999999999,0.017379601911701636,0.0013953362848754228,0.018774938196577058
1.3072499999999998,0.01737685364901759,0.0014070000446350735,0.018783853693652663
1.3089999999999997,0.017369935385221816,0.001418336970329703,0.018788272355551517
1.3107499999999996,0.017358876946671962,0.0014293423081374662,0.018788219254809425
1.3125,0.017343709826239805,0.0014400114937908038,0.01878372132003061
1.31425,0.017324467147379306,0.001450340153589701,0.018774807300969008
1.3159999999999998,0.017301183628036988,0.001460324105321286,0.018761507733358274
1.3177499999999998,0.01727389554441734,0.0014699593590858466,0.018743854903503183
1.3194999999999997,0.017242640694616573,0.0014792421180293955,0.018721882812645967
1.3212499999999996,0.017207458362137953,0.0014881687789830038,0.018695627141120958
1.323,0.01716838927930165,0.0014967359330091536,0.018665125212310802
1.3247499999999999,0.017125475590562197,0.0015049403658553286,0.018630415956417526
1.3264999999999998,0.017078760815746264,0.001512779058315203,0.018591539874061466
1.3282499999999997,0.017028289813224035,0.0015202491864977415,0.018548538999721774
1.3299999999999996,0.016974108743026642,0.0015273481220046622,0.018501456865031306
1.33175,0.016916265029922422,0.0015340734320166145,0.018450338461939036
1.3335,0.016854807326464872,0.0015404228792886062,0.01839523020575348
1.3352499999999998,0.016789785476024433,0.0015463944220551699,0.0183361798980796
1.3369999999999997,0.01672125047581705,0.0015519862138457963,0.018273236689662846
1.3387499999999997,0.016649254439941523,0.0015571966032112544,0.01820645104315278
1.3405,0.016573850562438153,0.0015620241333613783,0.018135874695799532
1.34225,0.01649509308038066,0.001566467541715006,0.018061560622095667
1.3439999999999999,0.01641303723701367,0.0015705257593627783,0.017983562996376448
1.3457499999999998,0.016327739244947674,0.0015741979104434726,0.017901937155391148
1.3474999999999997,0.016239256249423083,0.0015774833114346944,0.017816739560857782
1.3492499999999996,0.016147646291655687,0.0015803814703586826,0.017728027762014372
1.351,0.016052968272274558,0.0015828920859041044,0.01763586035817866
1.35275,0.015955281914864342,0.0015850150464646513,0.017540296961328992
1.3544999999999998,0.01585464772962305,0.0015867504290953877,0.017441398158718435
1.3562499999999997,0.01575112697714693,0.0015880984983877443,0.017339225475534674
1.3579999999999997,0.015644781632353184,0.0015890597052641508,0.017233841337617333
1.35975,0.015535674348552062,0.0015896346856932857,0.017125309034245344
1.3615,0.015423868421678632,0.001589824259326948,0.01701369268100558
1.3632499999999999,0.015309427754695428,0.0015896294280596576,0.016899057182755087
1.3649999999999998,0.015192416822176473,0.0015890513745120142,0.016781468196688486
1.3667499999999997,0.015072900635082848,0.0015880914604389645,0.01666099209552181
1.3684999999999996,0.014950944705740772,0.0015867512250640904,0.016537695930804865
1.37025,0.01482661501303158,0.001585032383341113,0.016411647396372693
1.3719999999999999,0.014699977967804497,0.0015829368241437845,0.01628291479194828
1.3737499999999998,0.014571100378521067,0.0015804666083853948,0.016151566986906462
1.3754999999999997,0.01444004941714204,0.0015776239670691537,0.01601767338421119
1.3772499999999996,0.014306892585265404,0.0015744112992706776,0.015881303884536083
1.379,0.014171697680525596,0.00157083117005394,0.015742528850579536
1.38075,0.014034532763262752,0.0015668863083219318,0.015601419071584681
1.3824999999999998,0.01389546612347111,0.0015625796046034215,0.015458045728074533
1.3842499999999998,0.013754566248035779,0.0015579141087771569,0.015312480356812937
1.3859999999999997,0.013611901788266342,0.001552893027734892,0.015164794816001234
1.3877499999999996,0.01346754152773598,0.001547519722984643,0.015015061250720623
1.3895,0.01332155435043453,0.001541797708195603,0.014863352058630134
1.3912499999999999,0.013174009209243808,0.001535730646686139,0.014709739855929948
1.3929999999999998,0.013024975094742949,0.0015293223488563458,0.014554297443599295
1.3947499999999997,0.012874521004352048,0.0015225767695666306,0.014397097773918678
1.3964999999999996,0.012722715911821801,0.0015154980054638246,0.014238213917285627
1.39825,0.01256962873707614,0.0015080902922563083,0.014077719029332449
1.4,0.012415328316416114,0.0015003580019397201,0.013915686318355833
