x_lambda_over_NA,PSF_1,PSF_2,sum
-1.4,0.00017807868264890856,0.001602767951650168,0.0017808466342990764
-1.39825,0.00019057750990046328,0.0015697716280095927,0.0017603491379100558
-1.3964999999999999,0.0002034966262109696,0.0015366032535732521,0.0017400998797842215
-1.39475,0.00021683408108448836,0.0015032809951951009,0.0017201150762795891
-1.393,0.00023058771903446094,0.0014698232691805163,0.0017004109882149774
-1.3912499999999999,0.00024475517925159413,0.0014362487352003878,0.001681003914451982
-1.3895,0.0002593338953638308,0.0014025762900489538,0.0016619101854127847
-1.3877499999999998,0.0002743210952890686,0.00136882506124677,0.0016431461565358384
-1.386,0.0002897138011813043,0.0013350144004904518,0.001624728201671756
-1.38425,0.00030550882947083893,0.0013011638769505924,0.0016066727064214313
-1.3824999999999998,0.0003217027909991485,0.00126729327041967,0.0015889960614188185
-1.38075,0.0003382920912489223,0.0012334225643115865,0.0015717146555605088
-1.379,0.0003552729306698955,0.0011995719385146316,0.0015548448691845272
-1.3772499999999999,0.00037264130510081717,0.0011657617620998084,0.0015384030672006257
-1.3755,0.0003903930062881081,0.0011320125858864315,0.00152240559217454
-1.3737499999999998,0.0004085236225015448,0.0010983451348670064,0.0015068687573685513
-1.3719999999999999,0.0004270285392473475,0.0010647803004935656,0.0014918088397409132
-1.37025,0.00044590294007898777,0.0010313391328275114,0.0014772420729064991
-1.3684999999999998,0.00046514180750601244,0.000998042832555344,0.0014631846400613565
-1.36675,0.00048473992400105,0.0009649127428724882,0.001449652666873538
-1.365,0.0005046918731053254,0.000931970341237662,0.0014366622143429874
-1.3632499999999999,0.0005249920406326742,0.0008992372310002211,0.0014242292716328952
-1.3615,0.0005456346159722995,0.0008667351329030571,0.0014123697488753566
-1.35975,0.0005666135934902641,0.0008344858764635639,0.001401099469953828
-1.3579999999999999,0.000587922774029767,0.0008025113912354468,0.0013904341652652137
-1.35625,0.0006095557665101801,0.0007708336979540713,0.0013803894644642514
-1.3544999999999998,0.0006315059896247826,0.0007394748995681085,0.0013709808891928911
-1.35275,0.0006537666736370883,0.0007084571721604885,0.0013622238457975766
-1.351,0.000676330862275603,0.0006778027557614567,0.0013541336180370597
-1.3492499999999998,0.0006991914147268589,0.0006475339450568708,0.00134672535978373
-1.3475,0.0007223410077263826,0.0006176730799947738,0.0013400140877211563
-1.34575,0.0007457721377474859,0.0005882425362933369,0.0013340146740408228
-1.3439999999999999,0.0007694771232873532,0.0005592647158534831,0.0013287418391408363
-1.34225,0.0007934481072502032,0.0005307620370794141,0.0013242101443296174
-1.3405,0.0008176770594270303,0.0005027569251103357,0.0013204339845373661
-1.3387499999999999,0.0008421557790715018,0.0004752718019668786,0.0013174275810383805
-1.337,0.0008668758975714216,0.0004483290766156155,0.001315204974187037
-1.3352499999999998,0.0008918288812153718,0.00042195113495517084,0.0013137800161705426
-1.3335,0.0009170060340536972,0.0003961603297276028,0.0013131663637813
-1.33175,0.0009423985008534467,0.0003709789703585734,0.00131337747121202
-1.3299999999999998,0.0009679972701463449,0.0003464293127301125,0.0013144265828764574
-1.32825,0.000993793177369233,0.0003225335488896801,0.001316326726258913
-1.3265,0.0010197769080960972,0.0002993137966993083,0.0013190907047954054
-1.3247499999999999,0.0010459390013609288,0.0002767920894287654,0.001322731090789694
-1.323,0.0010722698530704355,0.0002549903652965842,0.0013272602183670196
-1.32125,0.0010987597195058697,0.00023393045696296625,0.0013326901764688362
-1.3195,0.0011253987209127966,0.00021363408097855826,0.0013390328018913547
-1.31775,0.001152176845177974,0.00019412282719320155,0.0013462996723711755
-1.3159999999999998,0.0011790839515921979,0.0001754181481287308,0.0013545020997209288
-1.31425,0.00120610977469804,0.00015754134832002005,0.0013636511230180602
-1.3125,0.001233243928221359,0.00014051357362847424,0.001373757501849833
-1.3107499999999999,0.0012604759090853693,0.00012435580053221415,0.0013848317096175834
-1.309,0.0012877951015060724,0.00010908882539728344,0.001396883926903356
-1.30725,0.0013151907811677394,9.473325373416515e-05,0.0014099240349019046
-1.3054999999999999,0.0013426521194772102,8.130948944404484e-05,0.001423961608921255
-1.30375,0.0013701681878954992,6.883772405921301e-05,0.0014390059119547122
-1.3019999999999998,0.001397727962345547,5.733792598204499e-05,0.0014550658883275918
-1.30025,0.0014253203276943828,4.682982972710519e-05,0.0014721501574214881
-1.2985,0.0014529340823085074,3.7332925170840716e-05,0.001490267007479348
-1.2967499999999998,0.0014805579426807247,2.88664468134776e-05,0.0015094243894942022
-1.295,0.0015081805481270188,2.1449363057687986e-05,0.001529629911184707
-1.29325,0.0015357904655517905,1.5100365508643154e-05,0.0015508908310604337
-1.2914999999999999,0.0015633761942798494,9.8378583001286e-06,0.001573214052579978
-1.28975,0.0015909261709533872,5.67994745138296e-06,0.0015966061184047701
-1.2879999999999998,0.0016184287744923716,2.644430259360349e-06,0.001621073204751732
-1.28625,0.001645872331116364,7.487847311613945e-07,0.0016466211158475254
-1.2845,0.0016732451194262094,1.0159061362096748e-08,0.0016732552784875716
-1.2827499999999998,0.0017005353755435242,4.453611590254472e-07,0.0017009807367025496
-1.281,0.0017277312983062546,2.070848229174523e-06,0.0017298021465354293
-1.27925,0.0017548210545183375,4.902716413536925e-06,0.0017597237709318743
-1.2774999999999999,0.0017817927842515141,8.956690495379646e-06,0.0017907494747468936
-1.27575,0.0018086346061972538,1.4248113673264677e-05,0.0018228827198705183
-1.274,0.0018353346230669085,2.0791937408581214e-05,0.0018561265604754898
-1.2722499999999999,0.0018618809270378497,2.8602711351694795e-05,0.0018904836383895444
-1.2705,0.0018882616052436425,3.7694573351590606e-05,0.001925956178595233
-1.2687499999999998,0.0019144647453060767,4.808123955387368e-05,0.0019625459848599505
-1.267,0.0019404784409068744,5.9775994592002327e-05,0.002000254435498877
-1.26525,0.0019662907973969335,7.279168187663079e-05,0.002039082479273564
-1.2634999999999998,0.0019918899374408465,8.71406939879469e-05,0.0020790306314287937
-1.26175,0.002017264006694467,0.00010283496317586379,0.0021200989698703307
-1.26,0.0020424011795132247,0.00011988595197296198,0.0021622871314861867
-1.2582499999999999,0.0020672896646889223,0.00013830464392504315,0.0022055943086139655
-1.2565,0.0020919177112125823,0.0001581015344441374,0.00225001924565672
-1.25475,0.0021162736140611224,0.00017928662178886922,0.0022955602358499918
-1.253,0.0021403457200053237,0.00020186939817697192,0.0023422151181822955
-1.25125,0.0021641224334367805,0.00022585884103479994,0.0023899812744715802
-1.2494999999999998,0.002187592222211342,0.00025126340438869933,0.002438855626600041
-1.24775,0.0022107436235065934,0.0002780910104029456,0.002488834633909539
-1.246,0.002233565249690887,0.00030634904106914687,0.002539914290760034
-1.2442499999999999,0.0022560457942014532,0.00033604433005177695,0.00259209012425323
-1.2425,0.002278174037428936,0.00036718315469461333,0.0026453571921235494
-1.24075,0.0022999388526060306,0.0003997712281928547,0.002699710080798885
-1.2389999999999999,0.0023213292116973892,0.0004338136919355088,0.002755142903632898
-1.23725,0.002342334191288438,0.0004693151080227662,0.0028116492993112046
-1.2355,0.0023629429784703263,0.0005062794519630438,0.0028692224304333698
-1.23375,0.0023831448767185435,0.0005447101055541969,0.00292785498227274
-1.232,0.0024029293117624026,0.0005846098499535244,0.002987539161715927
-1.2302499999999998,0.0024222858374429255,0.0006259808589411554,0.0030482666963840806
-1.2285,0.002441204141556281,0.0006688246923811631,0.003110028833937444
-1.22675,0.0024596740516802788,0.0007131422898850528,0.0031728163415653313
-1.2249999999999999,0.002477685540981085,0.000758933964681874,0.003236619505662959
-1.22325,0.0024952287339975584,0.0008061993976993939,0.0033014281316969527
-1.2214999999999998,0.002512293912400487,0.0008549376318607263,0.0033672315442612134
-1.21975,0.002528871520723968,0.0009051470666005288,0.0034340185873244964
-1.218,0.0025449521720662866,0.0009568254526052021,0.003501777624671489
-1.21625,0.0025605266537575074,0.0010099698867810701,0.0035704965405385777
-1.2145,0.002575585932991078,0.0010645768074548391,0.0036401627404459174
-1.21275,0.002590121162416713,0.0011206419898102465,0.003710763152226959
-1.2109999999999999,0.0026041236856918296,0.0011781605415651052,0.003782284227256935
-1.20925,0.00261758504298879,0.0012371268988924486,0.0038547119418812386
-1.2075,0.0026304969764552135,0.0012975348225899546,0.003928031799045168
-1.2057499999999999,0.002642851435624634,0.0013593773945012372,0.004002228830125871
-1.204,0.002654640582774786,0.0014226470141928693,0.004077287596967655
-1.2022499999999998,0.002665856798230758,0.0014873353958909398,0.004153192194121697
-1.2005,0.0026764926856103137,0.0015534335656805303,0.004229926251290844
-1.19875,0.00268654107700867,0.001620931858971974,0.004307472935980644
-1.1969999999999998,0.0026959950381200116,0.0016898199182371386,0.00438581495635715
-1.19525,0.0027048478732930132,0.0017600866910192274,0.00446493456431224
-1.1935,0.0027130931305177756,0.0018317204282195976,0.004544813558737373
-1.1917499999999999,0.0027207246063413407,0.0019047086826645984,0.004625433289005939
-1.19,0.0027277363507092786,0.0019790383079557527,0.004706774658665032
-1.18825,0.0027341226717305573,0.0020546954576064875,0.004788818129337045
-1.1864999999999999,0.002739878140363157,0.002131665584468229,0.004871543724831387
-1.18475,0.0027449975950177194,0.002209933440448893,0.004954931035466612
-1.1829999999999998,0.0027494761460766827,0.0022894830765267733,0.005038959222603456
-1.18125,0.0027533091803262633,0.002370297843062256,0.005123607023388519
-1.1795,0.0027564923652987753,0.002452360390410445,0.00520885275570922
-1.1777499999999999,0.0027590216535226487,0.0025356526698369665,0.005294674323359616
-1.176,0.0027608932866776967,0.002620155934739521,0.005381049221417218
-1.17425,0.0027621037996530583,0.002705850742177813,0.00546795454183087
-1.1724999999999999,0.0027626500245054022,0.0027927169547137865,0.005555366979219189
-1.17075,0.00276252909431484,0.0028807337425646837,0.0056432628368795245
-1.169,0.00276173844693622,0.0029698795860709443,0.005731618033007165
-1.16725,0.0027602758286432976,0.0030601322784808366,0.005820408107124134
-1.1655,0.0027581392976634943,0.0031514689290539745,0.005909608226717468
-1.1637499999999998,0.0027553272276008025,0.0032438659664853014,0.005999193194086103
-1.162,0.002751838310744623,0.0033372991426513982,0.006089137453396021
-1.16025,0.0027476715612621693,0.003431743536680613,0.006179415097942782
-1.1584999999999999,0.002742826318272211,0.0035271735593486466,0.006269999877620858
-1.15675,0.0027373022487979745,0.0036235629578007284,0.006360865206598703
-1.155,0.002731099350596968,0.003720884820602028,0.006451984171198996
-1.1532499999999999,0.0027242179548656116,0.0038191115831171163,0.0065433295379827274
-1.1515,0.002716658728816584,0.003918215033219669,0.006634873762036254
-1.14975,0.00270842267812677,0.004018166317333551,0.006726588995460321
-1.148,0.0026995111492538293,0.004118935946805707,0.006818447096059536
-1.14625,0.0026899258316193885,0.004220493804611912,0.006910419636231301
-1.1444999999999999,0.002679668759656894,0.004322809152395928,0.007002477912052822
-1.14275,0.0026687423147222287,0.00442585063784229,0.007094592952564518
-1.141,0.0026571492268652776,0.004529586302383541,0.007186735529248819
-1.1392499999999999,0.0026448925764605675,0.0046339835892417235,0.0072788761657022905
-1.1375,0.002631975795695284,0.004739009351804437,0.007370985147499721
-1.1357499999999998,0.0026184026699128905,0.0048446298623356894,0.00746303253224858
-1.134,0.002604177338810734,0.004950810821020865,0.007554988159831598
-1.13225,0.0025893042974899612,0.005057517365346257,0.007646821662836218
-1.1305,0.002573788397356283,0.0051647140798122375,0.00773850247716852
-1.12875,0.0025576348468699024,0.005272365005979915,0.007829999852849817
-1.127,0.0025408492121433658,0.005380433652850472,0.007921282864993839
-1.1252499999999999,0.002523437417385698,0.00548888300757673,0.008012320424962428
-1.1235,0.0025054057451916714,0.0055976755465056306,0.008103081291697302
-1.12175,0.002486760836674755,0.0057067732465511875,0.008193534083225942
-1.1199999999999999,0.002467509691442605,0.0058161375968963655,0.00828364728833897
-1.11825,0.002447659667413879,0.005925729611022795,0.008373389278436675
-1.1164999999999998,0.0024272184804752083,0.00603550983906712,0.008462728319542328
-1.11475,0.002406194203977341,0.006145438380502185,0.008551632584479526
-1.113,0.002384595268069387,0.006255474897141711,0.008640070165211098
-1.11125,0.002362430458870249,0.006365578626466493,0.008728009085336741
-1.1095,0.0023397089174763317,0.006475708395270463,0.008815417312746794
-1.10775,0.002316440138804757,0.006585822633624319,0.008902262772429077
-1.1059999999999999,0.0022926339702712527,0.00669587938915502,0.008988513359426272
-1.10425,0.0022683006103020984,0.0068058363416382515,0.00907413695194035
-1.1025,0.002243450606679428,0.006915650817902267,0.009159101424581696
-1.10075,0.002218094854719391,0.007025279807039753,0.009243374661759144
-1.099,0.002192244595282633,0.00713467997592564,0.009326924571208274
-1.0972499999999998,0.0021659114126166344,0.007243807685037958,0.009409719097654593
-1.0955,0.002139107232029669,0.0073526190045785705,0.009491726236608239
-1.09375,0.0021118443173958994,0.0074610697308911235,0.009572914048287024
-1.092,0.0020841352684915428,0.007569115403172715,0.009653250671664258
-1.09025,0.0020559930181618963,0.007676711320476174,0.00973270433863807
-1.0885,0.002027430829319068,0.00778381255899944,0.009811243388318508
-1.0867499999999999,0.0019984622917705057,0.007890373989658604,0.00988883628142911
-1.085,0.0019691013188782983,0.00799635029594068,0.009965451614818977
-1.08325,0.001939362144049393,0.008101695992032604,0.010041058136081998
-1.0815,0.0019092593170569286,0.00820636544122235,0.01011562475827928
-1.07975,0.0018788077001929643,0.008310312874567965,0.01018912057476093
-1.0779999999999998,0.0018480224642529117,0.008413492409830773,0.010261514874083685
-1.07625,0.0018169190843520964,0.008515858070667884,0.01033277715501998
-1.0745,0.0017855133355749492,0.008617363806080003,0.010402877141654951
-1.0727499999999999,0.00175382128845736,0.008717963510109826,0.010471784798567188
-1.071,0.00172185930430287,0.008817611041786124,0.010539470346088995
-1.0692499999999998,0.0016896440303333122,0.008916260245309216,0.010605904275642527
-1.0675,0.0016571923946748371,0.009013864970472317,0.010671057365147153
-1.06575,0.001624521601180003,0.009110379093314167,0.01073490069449417
-1.064,0.001591649124086998,0.009205756536997543,0.01079740566108454
-1.06225,0.0015585927025169295,0.009299951292908396,0.010858543995425326
-1.0605,0.0015253703348102842,0.009392917441970254,0.010918287776780538
-1.0587499999999999,0.0014920002727036746,0.009484609176168389,0.010976609448872065
-1.057,0.0014585010153481935,0.009574980820278038,0.011033481835626233
-1.05525,0.0014248913031705342,0.009663986853790931,0.011088878156961466
-1.0534999999999999,0.0013911901115784134,0.009751581933034423,0.011142772044612836
-1.05175,0.0013574166445116606,0.009837720913476948,0.01119513755798861
-1.0499999999999998,0.0013235903278404693,0.009922358872214083,0.011245949200054551
-1.04825,0.0012897308026125558,0.01000545113062871,0.011295181933241265
-1.0465,0.0012558579181507251,0.010086953277219195,0.011342811195369918
-1.04475,0.001221991725002733,0.01016682119058903,0.011388812915591764
-1.043,0.0011881524677452395,0.01024501106259149,0.011433163530336727
-1.04125,0.0011543605776436956,0.010321479421622736,0.011475839999266433
-1.0394999999999999,0.0011206366651702116,0.010396183156056622,0.011516819821226836
-1.03775,0.0010870015123814573,0.01046907953781423,0.011556081050195687
-1.036,0.0010534760651586207,0.010540126246061566,0.011593602311220187
-1.03425,0.0010200814253117727,0.010609281391028088,0.011629362816339861
-1.0325,0.0009868388425507703,0.010676503537939036,0.011663342380489806
-1.0307499999999998,0.0009537697063251224,0.010741751731054587,0.011695521437379711
-1.029,0.0009208955375351948,0.010804985517808148,0.011725881055343345
-1.02725,0.0008882379801172625,0.01086616497303688,0.011754402953154141
-1.0255,0.0008558187925049316,0.010925250723296549,0.011781069515801481
-1.02375,0.0008236598389696001,0.01098220397125345,0.011805863810223052
-1.022,0.0007917830808426402,0.011036986520145656,0.011828769600988295
-1.0202499999999999,0.0007602105676220129,0.011089560798305963,0.011849771365927976
-1.0185,0.0007289644279662701,0.011139889883738539,0.01186885431170481
-1.01675,0.0006980668605786984,0.011187937528741726,0.011886004389320425
-1.015,0.0006675401249847051,0.011233668184568705,0.011901208309553409
-1.01325,0.0006374065322054245,0.0112770470261183,0.011914453558323724
-1.0114999999999998,0.0006076884353306065,0.011318039976647674,0.011925728411978283
-1.00975,0.0005784082199940707,0.011356613732498815,0.011935021952492885
-1.008,0.0005495882947548228,0.011392735787830548,0.011942324082585372
-1.00625,0.0005212510813872463,0.011426374459347853,0.011947625540735099
-1.0045,0.0004934190050836488,0.01145749891102013,0.011950917916103778
-1.00275,0.0004661144845726513,0.011486079178779989,0.01195219366335264
-1.001,0.0004393599221568053,0.01151208619519411,0.011951446117350916
-0.99925,0.00041317769367311887,0.011535491814097592,0.011948669507770711
-0.9974999999999999,0.00038759013837993934,0.011556268835183476,0.011943858973563416
-0.9957499999999999,0.0003626195487740016,0.011574391028538517,0.011937010577312519
-0.994,0.0003382881603412221,0.01158983315911671,0.011928121319457932
-0.99225,0.00031461814124512016,0.01160257101114191,0.01191718915238703
-0.9904999999999999,0.0002916315819566395,0.01161258141243064,0.011904212994387282
-0.98875,0.0002693504848292541,0.01161984225862651,0.011889192743455764
-0.9869999999999999,0.00024779675362331046,0.011624332537337302,0.011872129290960614
-0.98525,0.00022699218298358564,0.011626032352165852,0.011853024535149437
-0.9834999999999999,0.00020695844787408738,0.011624922946625963,0.011831881394500051
-0.9817499999999999,0.0001877170929742097,0.011620986727934369,0.01180870382090858
-0.98,0.00016928952204034128,0.011614207290669821,0.011783496812710162
-0.97825,0.00015169698723713752,0.011604569440290386,0.011756266427527523
-0.9764999999999999,0.00013496057844266561,0.011592059216499915,0.01172701979494258
-0.97475,0.00011910121253170252,0.011576663916454797,0.011695765128986499
-0.973,0.00010413962264148683,0.011558372117801927,0.011662511740443414
-0.97125,9.009634742429205e-05,0.011537173701538863,0.011627270048963155
-0.9695,7.69917202912156e-05,0.011513059874687233,0.011590051594978449
-0.9677499999999999,6.484585865158615e-05,0.011486023192770336,0.01155086905142192
-0.966,5.367865315251561e-05,0.011456057582085854,0.01150973623523837
-0.9642499999999999,4.350975692303683e-05,0.011423158361764763,0.0114666681186878
-0.9624999999999999,3.435857482741884e-05,0.011387322265607368,0.011421680840434786
-0.96075,2.6244252732207742e-05,0.011348547463687422,0.01137479171641963
-0.959,1.9185666791586054e-05,0.011306833583715417,0.011326019250507002
-0.9572499999999999,1.3201412755716629e-05,0.011262181732151974,0.01127538314490769
-0.9555,8.309795306693164e-06,0.011214594515062463,0.011222904310369155
-0.9537499999999999,4.5288174268155e-06,0.011164076058703775,0.01116860487613059
-0.952,1.8761698038855642e-06,0.011110632029834484,0.01111250819963837
-0.95025,3.69220278257456e-07,0.011054269655739345,0.011054638876017603
-0.9484999999999999,2.5003336408841764e-08,0.010994997743959317,0.010995022747295725
-0.94675,8.602096558000464e-07,0.010932826701718378,0.010933686911374176
-0.945,2.891175705818614e-06,0.010867768555038093,0.010870659730743911
-0.9432499999999999,6.1338734096208254e-06,0.010799836967531439,0.01080597084094106
-0.9415,1.0603899871690404e-05,0.010729047258866966,0.010739651158738657
-0.93975,1.6316467175962372e-05,0.010655416422894652,0.010671732890070616
-0.938,2.3286392259344794e-05,0.01057896314542496,0.010602249537684304
-0.93625,3.152808686551896e-05,0.010499707821652297,0.010531235908517815
-0.9344999999999999,4.1055547583859725e-05,0.010417672573214451,0.01045872812079831
-0.93275,5.188234597836664e-05,0.010332881264879707,0.010384763610858074
-0.9309999999999999,6.402161881147743e-05,0.010245359520852797,0.010309381139664274
-0.9292499999999999,7.748605836762365e-05,0.010155134740691822,0.010232620799059445
-0.9275,9.22879028814463e-05,0.010062236114827558,0.010154524017709003
-0.92575,0.00010843892707549743,0.009966694639676957,0.010075133566752454
-0.9239999999999999,0.0001259504328123496,0.009868543132342885,0.009994493565155235
-0.92225,0.00014483323986593059,0.00976781624489182,0.009912649484757752
-0.9205,0.00016509767681700946,0.009664550478201559,0.009829648155018569
-0.91875,0.00018675357207759827,0.0095587841953712,0.0097455377674488
-0.917,0.00020981024504920724,0.009450557634685346,0.009660367879734552
-0.9152499999999999,0.0002342764974196992,0.009339912922124959,0.009574189419544658
-0.9135,0.000260160604603585,0.00922689408341706,0.009487054688020646
-0.91175,0.00028747030733059826,0.00911154705561597,0.009399017362946566
-0.9099999999999999,0.00031621280338722666,0.008993919698208296,0.009310132501595523
-0.90825,0.0003463947395160794,0.008874061803734654,0.009220456543250734
-0.9065,0.0003780222034777134,0.008752025107920612,0.009130047311398324
-0.9047499999999999,0.0004111007162797017,0.008627863299309833,0.009038964015589535
-0.903,0.0004456352245775716,0.008501632028392362,0.008947267252969933
-0.9012499999999999,0.0004816300932523522,0.008373388916220992,0.008855019009473344
-0.8995,0.0005190890981692167,0.008243193562509262,0.008762282660678479
-0.8977499999999999,0.000558015419121979,0.008111107553203751,0.008669122972325732
-0.8959999999999999,0.0005984116329678553,0.007977194467524835,0.008575606100492688
-0.89425,0.0006402797069570713,0.007841519884468826,0.008481799591425898
-0.8925,0.0006836209922618628,0.00770415138876547,0.008387772381027333
-0.8907499999999999,0.0007284362177091483,0.007565158576284606,0.008293594793993754
-0.889,0.0007747254837214717,0.007424613058885729,0.008199338542607201
-0.88725,0.0008224882564704101,0.007282588468704606,0.008105076725175017
-0.8855,0.0008717233622468261,0.007139160461871292,0.008010883824118119
-0.8837499999999999,0.0009224289820522535,0.0069944067216535675,0.00791683570370582
-0.882,0.0009746026464155487,0.006848406961020476,0.007823009607436026
-0.88025,0.0010282412304390858,0.006701242924620539,0.007729484155059625
-0.8785,0.001083340949078441,0.006552998390169401,0.007636339339247841
-0.8767499999999999,0.0011398973526598052,0.00640375916924181,0.007543656521901616
-0.875,0.0011979053226389383,0.00625361310746289,0.007451518430101829
-0.87325,0.0012573590676057456,0.006102650084094141,0.007360009151699887
-0.8714999999999999,0.0013182521195382688,0.00595096201100932,0.007269214130547588
-0.8697499999999999,0.001380577330309907,0.005798642831055848,0.007179220161365755
-0.868,0.0014443268684536624,0.005645788515797376,0.007090115384251038
-0.86625,0.0015094922161870315,0.0054924970626333055,0.007001989278820337
-0.8644999999999999,0.0015760641667011456,0.005338868491291482,0.006914932657992627
-0.86275,0.0016440328217177892,0.005185004839689994,0.006829037661407783
-0.861,0.0017133875893176886,0.005031010159164515,0.006744397748482204
-0.85925,0.0017841171820434378,0.004876990509057776,0.006661107691101214
-0.8574999999999999,0.0018562096152804693,0.004723053950667775,0.006579263565948245
-0.85575,0.0019296522059191752,0.004569310540551637,0.006498962746470812
-0.854,0.0020044315713015778,0.004415872323182084,0.006420303894483661
-0.85225,0.002080533628455273,0.004262853322953904,0.006343386951409177
-0.8504999999999999,0.0021579435936180317,0.004110369535537654,0.0062683131291556855
-0.84875,0.0022366459820556393,0.00395853891857824,0.006195184900633879
-0.847,0.0023166246081760353,0.0038074813817361264,0.006124105989912161
-0.84525,0.0023978625859423083,0.0036573187760692897,0.006055181362011598
-0.8434999999999999,0.0024803423295873634,0.0035081748827537566,0.005988517212341121
-0.84175,0.002564045554632735,0.0033601754011413345,0.005924220955774069
-0.84,0.002648953279213946,0.0032134479361528496,0.005862401215366796
-0.8382499999999999,0.0027350458257149038,0.0030681219850058547,0.005803167810720758
-0.8365,0.0028223028227135497,0.002924328923275433,0.005746631745988984
-0.83475,0.002910703207240968,0.0027822019902873467,0.005692905197528315
-0.833,0.003000225227355924,0.002641876273842929,0.0056421015011988524
-0.8312499999999999,0.0030908464450370592,0.0025034886942750015,0.005594335139312061
-0.8295,0.0031825437393942784,0.002367177987834633,0.005549721727228911
-0.82775,0.0032752933102014312,0.0022330846894086415,0.005508377999610073
-0.826,0.0033690706817517506,0.0021013511145679584,0.0054704217963197094
-0.8242499999999999,0.0034638507070376655,0.001972121340947009,0.005435972047984674
-0.8225,0.00355960757225651,0.0018455411889548464,0.005405148761211356
-0.82075,0.0036563148016434135,0.0017217582018184447,0.005378073003461858
-0.819,0.003753945262632562,0.0016009216249594483,0.00535486688759201
-0.8172499999999999,0.0038524711713481354,0.0014831823847050731,0.00533565355605321
-0.8155,0.00395186409842574,0.0013686930663348387,0.0053205571647605785
-0.81375,0.004052094975165417,0.0012576078914643743,0.005309702866629792
-0.8119999999999999,0.004153134100016843,0.0011500826947683151,0.005303216794785158
-0.81025,0.004254951145397546,0.001046274900043999,0.0053012260454415455
-0.8085,0.004357515164844691,0.0009463434956182152,0.0053038586604629056
-0.80675,0.004460794600500693,0.0008504490090993905,0.005311243609600084
-0.8049999999999999,0.004564757290933276,0.0007587534814777638,0.00532351077241104
-0.80325,0.004669370479289914,0.0006714204405762929,0.005340790919866206
-0.8015,0.0047746008217869566,0.0005886148738553114,0.005363215695642268
-0.79975,0.004880414396533192,0.0005105032005742246,0.005390917597107417
-0.7979999999999999,0.004986776712687904,0.0004372532433134793,0.0054240299560013834
-0.79625,0.005093652719952993,0.00036903419886057717,0.00546268691881357
-0.7945,0.005201006818398842,0.0003060166084638992,0.005507023426862741
-0.79275,0.005308802868623344,0.00024837232745840963,0.005557175196081753
-0.7909999999999999,0.005417004202243476,0.00019627449426746653,0.005613278696510942
-0.78925,0.005525573632718683,0.00014989749878522408,0.005675471131503907
-0.7875,0.005634473466505071,0.00010941695014426296,0.005743890416649334
-0.78575,0.005743665514539454,7.500964387339972e-05,0.005818675158412853
-0.784,0.00585311110405212,4.6853528450667794e-05,0.005899964632502788
-0.78225,0.005962771090706952,2.512767125682955e-05,0.005987898761963782
-0.7805,0.006072605871067619,1.0012223934921377e-05,0.00608261809500254
-0.7787499999999999,0.006182575395388134,1.6883871615080088e-06,0.006184263782549642
-0.777,0.006292639180726283,3.383748355874166e-07,0.00629297755556187
-0.77525,0.006402756324378039,6.145377691261701e-06,0.006408901702069301
-0.7735,0.006512885517631034,1.9293526340498133e-05,0.006532179043971532
-0.7717499999999999,0.006622985059835104,3.996785375250417e-05,0.006662952913587609
-0.77,0.006733012872787655,6.835425717645601e-05,0.006801367129964111
-0.76825,0.006842926515431585,0.0001046394595145116,0.006947565974946096
-0.7665,0.006952683198863288,0.00014901097015222723,0.0071016941690155155
-0.7647499999999999,0.007062239801648206,0.00020165704525373018,0.007263896846901936
-0.763,0.0071715528854412545,0.000262766647529156,0.00743431953297041
-0.76125,0.007280578710909199,0.0003325294054821156,0.0076131081163913145
-0.7595,0.007389273253952097,0.0004111355721450286,0.007800408826097126
-0.7577499999999999,0.007497592222220765,0.0004987759833105461,0.007996368205531313
-0.756,0.007605491071926886,0.0005956420152672794,0.008201133087194166
-0.75425,0.007712925024942719,0.0007019255420484262,0.008414850566991145
-0.7525,0.007819849086186504,0.0008178188922018178,0.008637667978388322
-0.75075,0.007926218061290423,0.0009435148050904567,0.00886973286638088
-0.749,0.008031986574547088,0.0010792063867325074,0.009111192961279596
-0.74725,0.00813710908713077,0.0012250870651898962,0.009362196152320666
-0.7454999999999999,0.008241539915589452,0.0013813505455151636,0.009622890461104615
-0.74375,0.00834523325060356,0.0015481907642659154,0.009893424014869475
-0.742,0.008448143176007167,0.0017258018435968758,0.010173945019604044
-0.74025,0.008550223688067156,0.0019143780449393394,0.010464601733006495
-0.7384999999999999,0.008651428715016193,0.0021141137222782424,0.010765542437294435
-0.73675,0.008751712136834554,0.0023252032750371043,0.01107691541187166
-0.735,0.008851027805276305,0.0025478411005814073,0.011398868905857711
-0.73325,0.008949329564134854,0.0027822215463508097,0.011731551110485666
-0.7314999999999999,0.009046571269743056,0.0030285388616313035,0.01207511013137436
-0.72975,0.00914270681170262,0.0032869871489780524,0.012429693960680673
-0.728,0.009237690133837724,0.0035577603153002036,0.012795450449137926
-0.72625,0.009331475255367375,0.003841052022618636,0.01317252727798601
-0.7245,0.009424016292291395,0.00413705563850853,0.013561071930799924
-0.72275,0.00951526747898392,0.004445964186237973,0.013961231665221892
-0.721,0.009605183189989352,0.00476797029461447,0.014373153484603822
-0.71925,0.009693717962014514,0.005103266147551198,0.014796984109565713
-0.7175,0.009780826516111351,0.005452043433365153,0.015232869949476504
-0.71575,0.009866463780044108,0.005814493293819109,0.015680957073863216
-0.714,0.009950584910834769,0.006190806272919845,0.01614139118375461
-0.7122499999999999,0.010033145317480707,0.006581172265485065,0.016614317582965773
-0.7105,0.010114100683838058,0.006985780465491499,0.017099881149329556
-0.70875,0.010193406991664496,0.007404819314217024,0.01759822630588152
-0.707,0.010271020543814664,0.007838476448189226,0.018109496992003888
-0.7052499999999999,0.010346897987581934,0.008286938646953877,0.01863383663453581
-0.7035,0.010420996338179394,0.008750391780675968,0.01917138811885536
-0.70175,0.010493273002353554,0.009229020757586685,0.019722293759940238
-0.7,0.010563685802123454,0.009723009471289347,0.020286695273412803
-0.69825,0.010632192998638516,0.010232540747937889,0.020864733746576405
-0.6965,0.01069875331614774,0.010757796293301562,0.021456549609449302
-0.69475,0.010763325966073132,0.01129895663972886,0.022062282605801998
-0.693,0.010825870671179946,0.011856201093024883,0.02268207176420483
-0.69125,0.010886347689836512,0.012429707679255674,0.023316055369092183
-0.6895,0.010944717840356001,0.013019653091493647,0.023964370931849648
-0.68775,0.011000942525412557,0.013626212636517301,0.02462715516192986
-0.6859999999999999,0.011054983756524287,0.014249560181480466,0.025304543938004753
-0.68425,0.01110680417859516,0.01488986810056404,0.025996672279159205
-0.6825,0.011156367094508174,0.01554730722162528,0.026703674316133453
-0.68075,0.011203636489761741,0.01622204677285799,0.027425683262619727
-0.6789999999999999,0.011248577057141556,0.016914254329478903,0.02816283138662046
-0.67725,0.011291154221419634,0.017624095760454025,0.02891524998187366
-0.6755,0.011331334164072518,0.01835173517527962,0.029683069339352143
-0.67375,0.011369083848010653,0.019097334870831904,0.030466418718842557
-0.6719999999999999,0.011404371042310355,0.019861055278300833,0.03126542632061119
-0.67025,0.01143716434694038,0.020643054910221715,0.0320802192571621
-0.6685,0.011467433217474492,0.021443490307619984,0.032910923525094476
-0.66675,0.011495147989781825,0.022262515987283175,0.033757663977065006
-0.665,0.01152027990468633,0.02310028438917516,0.03462056429386149
-0.66325,0.011542801132587039,0.02395694582400786,0.0354997469565949
-0.6615,0.011562684798030328,0.024832648420983768,0.0363953332190141
-0.65975,0.011579905004225595,0.025727538075725784,0.03730744307995138
-0.658,0.011594436857495985,0.026641758398408003,0.038236195255903986
-0.65625,0.011606256491654882,0.027575450662102947,0.03918170715375783
-0.6545,0.011615341092299987,0.028528753751359194,0.040144094843659175
-0.6527499999999999,0.011621668921015762,0.02950180411102544,0.041123473032041204
-0.651,0.011625219339475731,0.030494735695334774,0.0421199550348105
-0.64925,0.011625972833435525,0.03150767991726493,0.04313365275070045
-0.6475,0.011623911036607901,0.03254076559818801,0.04416467663479592
-0.6457499999999999,0.011619016754410922,0.03359411891782613,0.04521313567223705
-0.644,0.011611273987580108,0.03466786336452641,0.046279137352106516
-0.64225,0.011600667955635873,0.03576211968587106,0.047362787641506934
-0.6405,0.011587185120197064,0.03687700583963649,0.04846419095983355
-0.63875,0.01157081320813173,0.038012636945116536,0.04958345015324826
-0.637,0.011551541234536066,0.0391691252348253,0.05072066646936136
-0.63525,0.011529359525532575,0.04034658000659194,0.051875939532124514
-0.6335,0.011504259740878339,0.041545107576064944,0.05304936731694328
-0.63175,0.011476234896374473,0.04276481122963824,0.054241046126012715
-0.63,0.01144527938606768,0.04400579117781478,0.05545107056388246
-0.62825,0.01141138900423491,0.04526814450902109,0.056679533513256004
-0.6265,0.011374560967142112,0.04655196514388842,0.05792652611103053
-0.62475,0.011334793934568094,0.04785734379001372,0.05919213772458181
-0.623,0.0112920880310844,0.049184367897215565,0.06047645592829996
-0.62125,0.011246444867082392,0.050533121613297836,0.06177956648038022
-0.6194999999999999,0.011197867559538393,0.051903685740337005,0.0631015532998754
-0.61775,0.01114636075250814,0.053296137691506026,0.06444249844401416
-0.616,0.011091930637341438,0.054710551448448816,0.06580248208579026
-0.61425,0.011034584972608286,0.056146997519219026,0.0671815824918273
-0.6125,0.010974333103727517,0.05760554289679735,0.06857987600052486
-0.61075,0.010911185982289155,0.059086251018201315,0.06999743700049048
-0.609,0.010845156185061721,0.06058918172419898,0.0714343379092607
-0.60725,0.010776257932675712,0.062114391219642996,0.07289064915231871
-0.6055,0.010704507107974541,0.06366193203443613,0.07436643914241066
-0.60375,0.010629921274024274,0.06523185298514286,0.07586177425916714
-0.602,0.010552519691773562,0.06682419913725797,0.07737671882903152
-0.60025,0.010472323337355255,0.06843901176814818,0.07891133510550344
-0.5985,0.010389354919020991,0.07007632833067699,0.08046568324969798
-0.59675,0.010303638893700602,0.0717361824175271,0.08203982131122771
-0.595,0.010215201483177712,0.07341860372623166,0.08363380520940936
-0.5932499999999999,0.010124070689873288,0.07512361802492756,0.08524768871480086
-0.5915,0.010030276312228904,0.07685124711884325,0.08688152343107215
-0.58975,0.009933849959681449,0.0786015088175327,0.08853535877721415
-0.588,0.00983482506722127,0.08037441690286658,0.09020924197008784
-0.58625,0.009733236909525664,0.08216998109779497,0.09190321800732064
-0.5845,0.00962912261465961,0.08398820703589101,0.09361732965055061
-0.58275,0.009522521177336212,0.08582909623168686,0.09535161740902307
-0.581,0.009413473471728651,0.08769264605181556,0.09710611952354423
-0.57925,0.009302022263826244,0.08957884968696712,0.09888087195079336
-0.5775,0.009188212223326865,0.09148769612467224,0.10067590834799911
-0.57575,0.00907208993505812,0.09341917012292215,0.10249126005798026
-0.574,0.008953703909920178,0.09537325218463703,0.10432695609455721
-0.57225,0.008833104595342466,0.0973499185329923,0.10618302312833477
-0.5705,0.008710344385247476,0.09934914108761393,0.10805948547286141
-0.56875,0.008585477629514143,0.10137088744165158,0.10995636507116573
-0.567,0.008458560642934165,0.10341512083973976,0.11187368148267395
-0.56525,0.008329651713654128,0.10548180015685785,0.11381145187051198
-0.5635,0.00819881111109667,0.10757087987809694,0.11576969098919361
-0.56175,0.008066101093354261,0.10968231007934245,0.11774841117269673
-0.56,0.007931585914048639,0.11181603640888313,0.11974762232293178
-0.55825,0.0077953318286498935,0.11397200006995417,0.12176733189860406
-0.5565,0.00765740710024874,0.11615013780422269,0.12380754490447142
-0.55475,0.007517882004775625,0.11835038187622365,0.12586826388099928
-0.553,0.00737682883566107,0.12057266005875712,0.12794948889441818
-0.55125,0.007234321907930893,0.12281689561925062,0.1300512175271815
-0.5495,0.007090437561730874,0.12508300730709626,0.13217344486882715
-0.54775,0.006945254165275057,0.12737090934197154,0.1343161635072466
-0.546,0.0067988521172123164,0.12968051140314704,0.13647936352035936
-0.54425,0.006651313848405699,0.13201171861979327,0.13866303246819897
-0.5425,0.0065027238231196325,0.1343644315622875,0.14086715538540712
-0.54075,0.006353168539609589,0.13673854623453197,0.14309171477414157
-0.539,0.006202736530109607,0.13913395406728613,0.14533669059739573
-0.53725,0.00605151836021277,0.14155054191252234,0.14760206027273512
-0.5355,0.005899606627640213,0.14398819203880597,0.1498877986664462
-0.53375,0.005747095960394018,0.14644678212771087,0.1521938780881049
-0.532,0.005594083014289975,0.1489261852712709,0.1545202682855609
-0.53025,0.005440666469865867,0.1514262699704752,0.15686693644034108
-0.5285,0.005286947028661642,0.1539469001348091,0.15923384716347075
-0.52675,0.005133027408867405,0.1564879350828491,0.1616209624917165
-0.525,0.004979012340335813,0.1590492295439129,0.16402824188424872
-0.52325,0.004825008558955417,0.1616306336607679,0.16645564221972334
-0.5215,0.004671124800381698,0.16423199299340477,0.16890311779378647
-0.51975,0.004517471793122692,0.16685314852387675,0.17137062031699946
-0.518,0.0043641622509763426,0.1694939366622096,0.17385809891318593
-0.51625,0.004211310864816853,0.1721541892533826,0.17636550011819946
-0.5145,0.0040590342937275046,0.17483373358538576,0.17889276787911326
-0.51275,0.00390745115547759,0.17753239239835428,0.18143984355383186
-0.511,0.0037566820163412178,0.18024998389478128,0.1840066659111225
-0.50925,0.0036068493802562454,0.18298632175081145,0.1865931711310677
-0.5075,0.0034580776773211674,0.1857412151286185,0.18919929280593967
-0.50575,0.0033104932516287633,0.1885144686898634,0.19182496194149215
-0.504,0.003164224348434705,0.19130588261023912,0.19447010695867384
-0.50225,0.0030194011006603023,0.19411525259509838,0.1971346536957587
-0.5005000000000001,0.002876155514727978,0.19694236989616645,0.19981852541089443
-0.49875,0.0027346214557288943,0.19978702132934062,0.2025216427850695
-0.497,0.0025949346319220456,0.2026489892935708,0.20524392392549284
-0.49524999999999997,0.0024572325785642965,0.20552805179082728,0.2079852843693916
-0.49350000000000005,0.002321654641071259,0.20842398244714944,0.2107456370882207
-0.49175,0.0021883419575087844,0.21133655053477732,0.21352489249228612
-0.49,0.002057437440415533,0.2142655209953625,0.21632295843577803
-0.48824999999999996,0.0019290857579566442,0.21721065446425855,0.21913974022221522
-0.48650000000000004,0.0018034333144093626,0.2201717072958863,0.2219751406102957
-0.48475,0.0016806282299811602,0.22314843159017597,0.22482905982015713
-0.483,0.0015608203199615925,0.22614057522007716,0.22770139554003876
-0.48124999999999996,0.001444161073208826,0.2291478818601399,0.23059204293334873
-0.47950000000000004,0.0013308036299723939,0.23217009101615946,0.23350089464613183
-0.47775,0.0012209027590536655,0.23520693805588475,0.23642784081493842
-0.476,0.001114614834305996,0.2382581542407817,0.23937276907508767
-0.47425000000000006,0.0010120978104763772,0.24132346675885305,0.24233556456932942
-0.47250000000000003,0.000913511198390957,0.2444025987585065,0.24531610995689748
-0.47075,0.0008190160394867998,0.24749526938346647,0.24831428542295328
-0.469,0.0007287748796925542,0.2506011938087278,0.25132996868842034
-0.46725000000000005,0.000642951742660875,0.25372008327754175,0.25436303502020263
-0.4655,0.0005617121023556065,0.25685164513943287,0.2574133572417885
-0.46375,0.00048522285499717196,0.2599955828892364,0.2604808057442336
-0.46199999999999997,0.0004136522903694022,0.2631515962071557,0.2635652484975251
-0.46025000000000005,0.000347170062491714,0.266319380999827,0.26666655106231874
-0.4585,0.0002859471596604019,0.26949862944239095,0.26978457660205135
-0.45675,0.0002301558738632581,0.2726890300215587,0.27291918589542197
-0.45499999999999996,0.00017996976957175518,0.2758902675796683,0.27607023734924
-0.45325000000000004,0.00013556365191538968,0.27910202335972384,0.27923758701163925
-0.4515,9.71135342428693e-05,0.28232397505140877,0.2824210885856516
-0.44975,6.479660507517316e-05,0.2855557968380636,0.2856205934431388
-0.44799999999999995,3.8791194455553725e-05,0.28879715944462353,0.2888359506390791
-0.44625000000000004,1.9276739701909313e-05,0.29204773018650454,0.29206700692620646
-0.4445,6.433750567068969e-06,0.2953071730194294,0.29531360676999646
-0.44275,4.4377381279493896e-07,0.29857514859018447,0.2985755923639973
-0.44100000000000006,1.4893572034551476e-06,0.3018513142882988,0.30185280364550227
-0.43925000000000003,9.75401292558353e-06,0.3051353242986356,0.3051450783115612
-0.4375,2.542218043970784e-05,0.30842682965488344,0.3084522518353231
-0.43574999999999997,4.867918877104525e-05,0.3117254782939413,0.31177415748271237
-0.43400000000000005,7.971121824586693e-05,0.3150309151111839,0.31511062632942977
-0.43225,0.00011870526168053078,0.3183427820165985,0.318461487278279
-0.4305,0.00016584908503037527,0.3216607179917775,0.32182656707680785
-0.42874999999999996,0.00022133118750588697,0.3249843591477649,0.3252056903352708
-0.42700000000000005,0.00028534076116371266,0.32831333878373387,0.3285986795448976
-0.42525,0.0003580676499803677,0.3316472874464933,0.33200535509647366
-0.4235,0.0004397023084165142,0.33498583299080387,0.33542553529922037
-0.42174999999999996,0.0005304357594801194,0.3383286006404971,0.3388590363999772
-0.42000000000000004,0.0006304595522967655,0.3416752130503812,0.3423056726026779
-0.41825,0.0007399657191957626,0.3450252903689237,0.3457652560881195
-0.4165,0.0008591467323206703,0.3483784503016945,0.34923759703401513
-0.41475000000000006,0.0009881954597733332,0.35173430817555806,0.3527225036353314
-0.41300000000000003,0.001127305121300482,0.35509247700360635,0.35621978212490685
-0.41125,0.0012766692435320956,0.3584525675508059,0.359729236794338
-0.4095,0.0014364816147812195,0.3618141884003596,0.36325067001514083
-0.40775000000000006,0.0016069362394147144,0.3651769460207595,0.3667838822601742
-0.406,0.00178822729180491,0.3685404448335223,0.37032867212532716
-0.40425,0.001980549069872057,0.37190428728158637,0.3738848363514584
-0.40249999999999997,0.0021840959482278847,0.37526807389836275,0.37745216984659063
-0.40075000000000005,0.0023990623309304957,0.37863140337742157,0.3810304657083521
-0.399,0.002625642603861347,0.38199387264279794,0.38461951524665927
-0.3972500000000001,0.002864031086734565,0.3853550769199037,0.38821910800663834
-0.39549999999999996,0.0031144219847501426,0.3887146098070304,0.3918290317917805
-0.39375000000000004,0.0033770093399011075,0.39207206334742367,0.39544907268732477
-0.3919999999999999,0.0036519869819469993,0.395427028101921,0.399079015083868
-0.39025,0.003939548479063614,0.39877909322212496,0.4027186417011886
-0.38850000000000007,0.004239887088181934,0.40212784652410954,0.4063677336122915
-0.3867499999999999,0.004553195705026627,0.4054728745626321,0.41002607026765864
-0.385,0.0048796668138666194,0.4088137627058382,0.4136934295197048
-0.3832500000000001,0.005219492436989617,0.4121500952104458,0.4173695876474354
-0.38149999999999995,0.005572864083912294,0.4154814552973883,0.4210543193813006
-0.37975000000000003,0.005939972700338505,0.4188074252278961,0.4247473979282346
-0.3780000000000001,0.006321008616878252,0.4221275863800105,0.42844859499688875
-0.37625,0.006716161497539275,0.4254415193255011,0.4321576808230404
-0.37450000000000006,0.007125620288003884,0.42874880390717224,0.43587442419517614
-0.3727499999999999,0.007549573163704785,0.432049019316549,0.43959859248025385
-0.371,0.007988207477710929,0.4353417441719116,0.4433299516496225
-0.3692500000000001,0.008441709708438393,0.4386265565966709,0.44706826630510926
-0.36749999999999994,0.008910265407197793,0.44190303429806416,0.4508132997052619
-0.36575,0.0093940591455918,0.44517075464614686,0.45456481379173874
-0.3640000000000001,0.009893274462777206,0.4484292947530754,0.4583225692158526
-0.36224999999999996,0.01040809381260307,0.4516782315526491,0.4620863253652522
-0.36050000000000004,0.010938698510639765,0.4549171418800973,0.4658558403907371
-0.3587500000000001,0.011485268681112496,0.4581456025521015,0.469630871233214
-0.357,0.012047983203752357,0.46136319044702045,0.4734111736507728
-0.35525000000000007,0.012627019660578973,0.4645694825853055,0.47719650224588445
-0.3534999999999999,0.013222554282629272,0.46776405621009465,0.48098661049272395
-0.35175,0.013834761896645092,0.4709464888679485,0.48478125076459355
-0.3500000000000001,0.014463815871735139,0.47411635848973255,0.4885801743614677
-0.34824999999999995,0.015109888066024287,0.4772732434716042,0.4923831315376285
-0.34650000000000003,0.015773148773304532,0.48041672275610087,0.49618987152940536
-0.3447500000000001,0.016453766669703076,0.48354637591330296,0.5000001425830061
-0.34299999999999997,0.017151908760380336,0.48666178322205805,0.5038136919824384
-0.34125000000000005,0.01786774032627265,0.4897625257512349,0.5076302660775076
-0.3394999999999999,0.018601424870895673,0.49284818544100806,0.5114496103119037
-0.33775,0.01935312406721999,0.4959183451841309,0.5152714692513509
-0.3360000000000001,0.020122997704637043,0.4989725889072,0.5190955866118371
-0.33424999999999994,0.020911203636026894,0.5020105016518693,0.5229217052878963
-0.3325,0.021717897724944146,0.5050316696560155,0.5267495673809597
-0.3307500000000001,0.022543233792936677,0.5080356804348196,0.5305789142277563
-0.32899999999999996,0.02338736356701143,0.5110221228617555,0.534409486428767
-0.32725000000000004,0.024250436627261434,0.5139905872494569,0.5382410238767183
-0.3255000000000001,0.025132600354670784,0.5169406654304556,0.5420732657851264
-0.32375,0.026033999879110415,0.5198719508377547,0.5459059507168651
-0.32200000000000006,0.026954778027539664,0.5227840385852358,0.5497388166127755
-0.3202499999999999,0.027895075272430604,0.525676525547869,0.5535716008202995
-0.3185,0.028855029680426313,0.5285490104417047,0.557404040122131
-0.3167500000000001,0.029834776861251938,0.5314010939036408,0.5612358707648927
-0.31499999999999995,0.03083444991689008,0.5342323785709305,0.5650668284878206
-0.31325000000000003,0.03185417939103653,0.537042469160421,0.5688966485514575
-0.3115000000000001,0.032894093218852886,0.5398309725475042,0.5727250657663572
-0.30974999999999997,0.03395431667702743,0.5425974978447528,0.5765518145217802
-0.30800000000000005,0.03503497233416164,0.5453416564802288,0.5803766288143903
-0.30625000000000013,0.03613618000149674,0.5480630622754468,0.5841992422769435
-0.3045,0.03725805668399436,0.5507613315229647,0.5880193882069591
-0.3027500000000001,0.03840071653178519,0.5534360830635933,0.5918367995953784
-0.30099999999999993,0.039564270792003836,0.5560869383631977,0.5956512091552015
-0.29925,0.04074882776101925,0.558713521589075,0.5994623493500942
-0.2975000000000001,0.04195449273708026,0.5613154596858924,0.6032699524229727
-0.29574999999999996,0.043181367973387855,0.56389238245116,0.6070737504245479
-0.29400000000000004,0.04442955263160849,0.5664439226102272,0.6108734752418357
-0.2922500000000001,0.04569914273584588,0.5689697158907775,0.6146688586266233
-0.2905,0.04699023112708191,0.5714694010968113,0.6184596322238932
-0.28875000000000006,0.048302907418102406,0.5739426201820907,0.622245527600193
-0.2869999999999999,0.049637257948924284,0.5763890183230316,0.6260262762719558
-0.28525,0.050993365742733,0.5788082439910277,0.6298016097337606
-0.2835000000000001,0.05237131046235101,0.5811999490241814,0.6335712594865324
-0.28174999999999994,0.05377116836724454,0.5835637886984345,0.637334957065679
-0.28,0.05519301227108746,0.5858994217980672,0.6410924340691547
-0.2782500000000001,0.05663691149989425,0.5882065106855636,0.6448434221854579
-0.27649999999999997,0.05810293185073571,0.5904847213708134,0.6485876532215492
-0.27475000000000005,0.05959113555105021,0.5927337235796377,0.6523248591306879
-0.27300000000000013,0.06110158121856645,0.5949531908216267,0.6560547720401931
-0.27125,0.06263432382184933,0.5971428004572605,0.6597771242791098
-0.2695000000000001,0.06418941464148045,0.5993022337643108,0.6634916484057912
-0.26774999999999993,0.06576690123189204,0.6014311760034933,0.6671980772353853
-0.266,0.06736682738385982,0.603529316483366,0.6708961438672258
-0.2642500000000001,0.0689892330876749,0.605596348624449,0.6745855817121238
-0.26249999999999996,0.0706341544970026,0.6076319700225532,0.6782661245195558
-0.26075000000000004,0.07230162389344129,0.6096358825113037,0.681937506404745
-0.2590000000000001,0.07399166965179824,0.6116077922238373,0.6855994618756356
-0.25725,0.07570431620608832,0.6135474096536653,0.6892517258597536
-0.25550000000000006,0.07743958401627173,0.615454449714679,0.6928940337309507
-0.2537499999999999,0.0791974895357439,0.617328631800292,0.6965261213360359
-0.252,0.08097804517958443,0.6191696798416926,0.700147725021277
-0.2502500000000001,0.08278125929358272,0.620977322365205,0.7037585816587878
-0.24849999999999994,0.08460713612404801,0.622751292548733,0.707358428672781
-0.24675000000000002,0.08645567578841538,0.6244913282772815,0.7109470040656969
-0.2450000000000001,0.08832687424666216,0.6261971721975345,0.7145240464441966
-0.24324999999999997,0.09022072327354211,0.6278685717714811,0.7180892950450233
-0.24150000000000005,0.09213721043164874,0.6295052793290736,0.7216424897607223
-0.23975000000000013,0.09407631904532265,0.6311070521199058,0.7251833711652286
-0.238,0.09603802817540735,0.6326736523638956,0.7287116805393029
-0.23625000000000007,0.098022312594867,0.6342048473009615,0.7322271598958285
-0.23449999999999993,0.10002914276527873,0.6357004092396844,0.735729552004963
-0.23275,0.10205848481420224,0.6371601156049335,0.7392186004191357
-0.2310000000000001,0.10411030051344616,0.6385837489844487,0.7426940494978949
-0.22924999999999995,0.10618454725823046,0.6399710971743733,0.7461556444326037
-0.22750000000000004,0.10828117804726284,0.6413219532237169,0.7496031312709797
-0.22575000000000012,0.11040014146373292,0.6426361154777391,0.7530362569414719
-0.22399999999999998,0.11254138165723593,0.6439133876202482,0.756454769277484
-0.22225000000000006,0.11470483832663145,0.6451535787148001,0.7598584170414315
-0.22050000000000014,0.116890446703851,0.6463565032447876,0.7632469499486385
-0.21875,0.11909813753865682,0.647521981152406,0.7666201186910628
-0.21700000000000008,0.1213278370843624,0.6486498378764968,0.7699776749608591
-0.21524999999999994,0.1235794670845261,0.6497399043892452,0.7733193714737715
-0.21350000000000002,0.12585294476061656,0.6507920172317365,0.7766449619923531
-0.2117500000000001,0.12814818280066834,0.6518060185483463,0.7799542013490147
-0.20999999999999996,0.13046508934892478,0.6527817561199715,0.7832468454688963
-0.20825000000000005,0.13280356799648113,0.6537190833960866,0.7865226513925677
-0.20650000000000013,0.1351635177729343,0.654617859525614,0.7897813772985484
-0.20475,0.13754483313904048,0.6554779493866063,0.7930227825256468
-0.20300000000000007,0.1399474039803932,0.6562992236147288,0.796246627595122
-0.20124999999999993,0.14237111560212437,0.6570815586305429,0.7994526742326672
-0.1995,0.1448158487246329,0.6578248366655658,0.8026406853901986
-0.1977500000000001,0.14728147948034978,0.6585289457871274,0.8058104252674771
-0.19599999999999995,0.14976787941154124,0.6591937799219868,0.808961659333528
-0.19425000000000003,0.15227491546915567,0.659819238878729,0.8120941543478846
-0.19250000000000012,0.15480245001272197,0.6604052283689191,0.8152076783816411
-0.19074999999999998,0.15735034081129873,0.6609516600270189,0.8183020008383177
-0.18900000000000006,0.1599184410454799,0.661458451429051,0.8213768924745308
-0.18725000000000014,0.16250659931046568,0.6619255261100181,0.8244321254204836
-0.1855,0.1651146596201937,0.6623528135800603,0.8274674732002539
-0.18375000000000008,0.16774246141253826,0.6627402493393548,0.8304827107518932
-0.18199999999999994,0.17038983955558443,0.6630877748917529,0.8334776144473374
-0.18025000000000002,0.17305662435496905,0.6633953377571462,0.8364519621121153
-0.1785000000000001,0.175742641562304,0.6636628914825656,0.8394055330448696
-0.17674999999999996,0.178447712384673,0.6638903956520039,0.8423381080366769
-0.17500000000000004,0.18117165349520853,0.6640778158949667,0.8452494693901753
-0.17325000000000013,0.18391427704475302,0.6642251238937391,0.848139400938492
-0.17149999999999999,0.1866753906746004,0.6643322973893795,0.8510076880639799
-0.16975000000000007,0.18945479753031927,0.6643993201864269,0.8538541177167461
-0.16800000000000015,0.19225229627666574,0.6644261821563261,0.8566784784329918
-0.16625,0.19506768111357695,0.6644128792395736,0.8594805603531505
-0.1645000000000001,0.1979007417932488,0.664359413446574,0.8622601552398228
-0.16274999999999995,0.2007512636383027,0.6642657928572151,0.8650170564955179
-0.16100000000000003,0.20361902756103217,0.6641320316191605,0.8677510591801926
-0.1592500000000001,0.20650381008373597,0.6639581499448515,0.8704619600285873
-0.15749999999999997,0.2094053833601329,0.6637441741072381,0.873149557467371
-0.15575000000000006,0.2123235151978565,0.663490136434214,0.8758136516320705
-0.15400000000000014,0.21525796908203174,0.6631960753017832,0.8784540443838149
-0.15225,0.21820850419992957,0.6628620351259399,0.8810705393258694
-0.15050000000000008,0.22117487546669318,0.6624880663532782,0.8836629418199713
-0.14874999999999994,0.22415683355214366,0.66207422545032,0.8862310590024637
-0.14700000000000002,0.2271541249086494,0.6616205748915773,0.8887746998002268
-0.1452500000000001,0.23016649180006973,0.6611271831463459,0.8912936749464156
-0.14349999999999996,0.2331936723317573,0.6605941246642297,0.8937877969959871
-0.14175000000000004,0.23623540048162167,0.6600214798594073,0.896256880341029
-0.14000000000000012,0.2392914061322531,0.6594093350936393,0.8987007412258925
-0.13824999999999998,0.24236141510409442,0.6587577826580232,0.9011191977621175
-0.13650000000000007,0.24544514918966218,0.6580669207534984,0.9035120699431606
-0.13475000000000015,0.24854232618881208,0.6573368534701127,0.9058791796589248
-0.133,0.2516526599450409,0.6565676907650396,0.9082203507100804
-0.1312500000000001,0.2547758603828198,0.6557595484393761,0.9105354088221959
-0.12949999999999995,0.2579116335459596,0.6549125481137026,0.9128241816596621
-0.12775000000000003,0.2610596816369897,0.6540268172024292,0.915086498839419
-0.1260000000000001,0.2642197030575592,0.6531024888869248,0.917322191944484
-0.12424999999999997,0.2673913924498408,0.6521397020874367,0.9195310945372774
-0.12250000000000005,0.2705744407389379,0.651138601433816,0.9217130421727538
-0.12075000000000014,0.273768535176288,0.6500993372350438,0.9238678724113317
-0.119,0.27697335938405215,0.6490220654475757,0.925995424831628
-0.11725000000000008,0.28018859340047986,0.6479069476425096,0.9280955410429895
-0.11549999999999994,0.2834139137262534,0.6467541509715804,0.9301680646978338
-0.11375000000000002,0.2866489933717872,0.6455638481319997,0.932212841503787
-0.1120000000000001,0.28989350190548974,0.6443362173301418,0.9342297192356317
-0.11024999999999996,0.2931471055029655,0.6430714422440855,0.936218547747051
-0.10850000000000004,0.29640946699715603,0.6417697119850283,0.9381791789821844
-0.10675000000000012,0.29968024592941167,0.6404312210575717,0.9401114669869834
-0.10499999999999998,0.3029590986014782,0.6390561693188974,0.9420152679203757
-0.10325000000000006,0.3062456781283915,0.6376447619368398,0.9438904400652313
-0.10150000000000015,0.309539634492275,0.6361972093468674,0.9457368438391424
-0.09975,0.31284061459702206,0.6347137272079798,0.9475543418050018
-0.09800000000000009,0.3161482623238541,0.6331945363575383,0.9493427986813925
-0.09624999999999995,0.3194622185877513,0.6316398627650356,0.951102081352787
-0.09450000000000003,0.3227821213947319,0.6300499374848211,0.9528320588795529
-0.09275000000000011,0.32610760589998256,0.628424996607785,0.9545326025077675
-0.09099999999999997,0.32943830446681616,0.6267652812120273,0.9562035856788436
-0.08925000000000005,0.33277384672645166,0.6250710373125097,0.9578448840389613
-0.08750000000000013,0.33611385963860524,0.6233425158097141,0.9594563754483193
-0.08574999999999999,0.3394579675528761,0.6215799724373121,0.9610379399901883
-0.08400000000000007,0.3428057922709126,0.6197836677088663,0.9625894599797788
-0.08225000000000016,0.3461569531093567,0.6179538668635709,0.9641108199729276
-0.08050000000000002,0.34951106696354095,0.6160908398110477,0.9656019067745886
-0.0787500000000001,0.35286774837193013,0.6141948610752105,0.9670626094471406
-0.07699999999999996,0.35622660958129937,0.6122662097372146,0.9684928193185139
-0.07525000000000004,0.3595872606126213,0.6103051693775023,0.9698924299901237
-0.07350000000000012,0.3629493093276652,0.6083120280169594,0.9712613373446246
-0.07174999999999998,0.36631236149628205,0.6062870780571988,0.9725994395534808
-0.07000000000000006,0.369676020864361,0.6042306162199877,0.9739066370843488
-0.06825000000000014,0.37303988922245446,0.6021429434858275,0.9751828327082819
-0.0665,0.3764035664750417,0.600024365031708,0.9764279315067497
-0.06475000000000009,0.37976665071042554,0.5978751901680519,0.9776418408784775
-0.06299999999999994,0.3831287382712477,0.595695732274855,0.9788244705461026
-0.06125000000000003,0.38648942382559837,0.5934863087370533,0.9799757325626517
-0.05950000000000011,0.38984830043871677,0.5912472408791214,0.9810955413178382
-0.05774999999999997,0.3932049596452569,0.5889788538989227,0.9821838135441795
-0.05600000000000005,0.3965589915221045,0.5866814768008278,0.9832404683229324
-0.05425000000000013,0.3999099847617372,0.5843554423281204,0.9842654270898576
-0.05249999999999999,0.4032575267461002,0.5820010868946974,0.9852586136407976
-0.05075000000000007,0.406601203620987,0.5796187505160976,0.9862199541370845
-0.049000000000000155,0.40994060037090857,0.5772087767398556,0.9871493771107642
-0.047250000000000014,0.4132753008944339,0.5747715125752156,0.9880468134696495
-0.045500000000000096,0.4166048880799827,0.5723073084222133,0.9889121965021961
-0.043749999999999956,0.4199289438820567,0.5698165180001431,0.9897454618821998
-0.04200000000000004,0.423247049397887,0.5672994982754344,0.9905465476733213
-0.04025000000000012,0.4265587849444905,0.5647566093889483,0.991315394333439
-0.03849999999999998,0.4298637301361047,0.5621882145827167,0.9920519447188214
-0.03675000000000006,0.4331614639619891,0.5595946801261421,0.9927561440881313
-0.03500000000000014,0.43645156486458364,0.55697637524167,0.9934279401062536
-0.03325,0.4397336108179898,0.5543336720299611,0.994067282847951
-0.031500000000000083,0.4430071794067672,0.5516669453945784,0.9946741248013455
-0.029749999999999943,0.4462718479050321,0.548976572966203,0.995248420871235
-0.028000000000000025,0.44952719335582125,0.5462629350264017,0.9957901283822229
-0.026250000000000107,0.45277279265072484,0.5435264144309694,0.9962992070816942
-0.024499999999999966,0.45600822260975427,0.5407673965328516,0.9967756191426058
-0.022750000000000048,0.45923306006143116,0.5379862691046837,0.9972193291661149
-0.02100000000000013,0.46244688192308275,0.5351834222609498,0.9976303041840326
-0.01924999999999999,0.4656492652813191,0.5323592483797872,0.9980085136611063
-0.01750000000000007,0.4688397874726741,0.529514142024462,0.998353929497136
-0.015750000000000153,0.47201802616439664,0.526648499864519,0.9986665260289156
-0.014000000000000012,0.47518355943536894,0.5237627205966399,0.9989462800320088
-0.012250000000000094,0.4783359658571282,0.5208572048652254,0.9991931707223536
-0.010499999999999954,0.4814748245749866,0.5179323551827101,0.9994071797576967
-0.008750000000000036,0.4845997153892108,0.5149885758496492,0.99958829123886
-0.007000000000000117,0.48771021883626353,0.5120262728745723,0.9997364917108358
-0.005249999999999977,0.49080591627006975,0.5090458538936495,0.9998517701637193
-0.0035000000000000586,0.4938863899432945,0.506047728090167,0.9999341180334614
-0.0017500000000001403,0.49695122308862183,0.5030323061138422,0.999983529202464
0.0,0.5,0.5,1.0
0.0017499999999999183,0.5030323061138416,0.49695122308862255,0.9999835292024642
0.0034999999999998366,0.5060477280901662,0.49388638994329503,0.9999341180334611
0.005249999999999977,0.5090458538936495,0.49080591627006975,0.9998517701637193
0.006999999999999895,0.5120262728745719,0.487710218836264,0.9997364917108359
0.008750000000000036,0.5149885758496492,0.4845997153892108,0.99958829123886
0.010499999999999954,0.5179323551827101,0.4814748245749866,0.9994071797576967
0.012249999999999872,0.5208572048652249,0.47833596585712845,0.9991931707223534
0.014000000000000012,0.5237627205966399,0.47518355943536894,0.9989462800320088
0.01574999999999993,0.5266484998645181,0.472018026164397,0.9986665260289151
0.01749999999999985,0.5295141420244618,0.4688397874726743,0.998353929497136
0.01924999999999999,0.5323592483797872,0.4656492652813191,0.9980085136611063
0.020999999999999908,0.5351834222609493,0.4624468819230834,0.9976303041840326
0.022750000000000048,0.5379862691046837,0.45923306006143116,0.9972193291661149
0.024499999999999966,0.5407673965328516,0.45600822260975427,0.9967756191426058
0.026249999999999885,0.5435264144309685,0.45277279265072506,0.9962992070816935
0.028000000000000025,0.5462629350264017,0.44952719335582125,0.9957901283822229
0.029749999999999943,0.548976572966203,0.4462718479050321,0.995248420871235
0.03149999999999986,0.5516669453945781,0.44300717940676787,0.9946741248013459
0.03325,0.5543336720299611,0.4397336108179898,0.994067282847951
0.03499999999999992,0.5569763752416697,0.4364515648645842,0.9934279401062539
0.03674999999999984,0.5595946801261419,0.43316146396198957,0.9927561440881316
0.03849999999999998,0.5621882145827167,0.4298637301361047,0.9920519447188214
0.0402499999999999,0.564756609388948,0.42655878494449095,0.991315394333439
0.04200000000000004,0.5672994982754344,0.423247049397887,0.9905465476733213
0.043749999999999956,0.5698165180001431,0.4199289438820567,0.9897454618821998
0.045499999999999874,0.5723073084222131,0.4166048880799833,0.9889121965021964
0.047250000000000014,0.5747715125752156,0.4132753008944339,0.9880468134696495
0.04899999999999993,0.5772087767398553,0.409940600370909,0.9871493771107642
0.05074999999999985,0.5796187505160971,0.40660120362098723,0.9862199541370843
0.05249999999999999,0.5820010868946974,0.4032575267461002,0.9852586136407976
0.05424999999999991,0.5843554423281203,0.39990998476173756,0.9842654270898578
0.05600000000000005,0.5866814768008278,0.3965589915221045,0.9832404683229324
0.05774999999999997,0.5889788538989227,0.3932049596452569,0.9821838135441795
0.059499999999999886,0.5912472408791214,0.38984830043871754,0.981095541317839
0.06125000000000003,0.5934863087370533,0.38648942382559837,0.9799757325626517
0.06299999999999994,0.595695732274855,0.3831287382712477,0.9788244705461026
0.06474999999999986,0.5978751901680515,0.37976665071042587,0.9776418408784773
0.0665,0.600024365031708,0.3764035664750417,0.9764279315067497
0.06824999999999992,0.602142943485827,0.3730398892224547,0.9751828327082817
0.06999999999999984,0.6042306162199873,0.36967602086436147,0.9739066370843488
0.07174999999999998,0.6062870780571988,0.36631236149628205,0.9725994395534808
0.0734999999999999,0.6083120280169594,0.36294930932766556,0.9712613373446249
0.07525000000000004,0.6103051693775023,0.3595872606126213,0.9698924299901237
0.07699999999999996,0.6122662097372146,0.35622660958129937,0.9684928193185139
0.07874999999999988,0.6141948610752103,0.3528677483719308,0.9670626094471412
0.08050000000000002,0.6160908398110477,0.34951106696354095,0.9656019067745886
0.08224999999999993,0.6179538668635708,0.346156953109357,0.9641108199729278
0.08399999999999985,0.6197836677088664,0.34280579227091273,0.9625894599797792
0.08574999999999999,0.6215799724373121,0.3394579675528761,0.9610379399901883
0.08749999999999991,0.6233425158097139,0.3361138596386057,0.9594563754483195
0.08924999999999983,0.6250710373125097,0.332773846726452,0.9578448840389617
0.09099999999999997,0.6267652812120273,0.32943830446681616,0.9562035856788436
0.09274999999999989,0.6284249966077848,0.32610760589998283,0.9545326025077676
0.09450000000000003,0.6300499374848211,0.3227821213947319,0.9528320588795529
0.09624999999999995,0.6316398627650356,0.3194622185877513,0.951102081352787
0.09799999999999986,0.6331945363575382,0.3161482623238546,0.9493427986813927
0.09975,0.6347137272079798,0.31284061459702206,0.9475543418050018
0.10149999999999992,0.6361972093468671,0.3095396344922754,0.9457368438391426
0.10324999999999984,0.6376447619368396,0.30624567812839176,0.9438904400652315
0.10499999999999998,0.6390561693188974,0.3029590986014782,0.9420152679203757
0.1067499999999999,0.6404312210575714,0.2996802459294122,0.9401114669869838
0.10850000000000004,0.6417697119850283,0.29640946699715603,0.9381791789821844
0.11024999999999996,0.6430714422440855,0.2931471055029655,0.936218547747051
0.11199999999999988,0.6443362173301417,0.28989350190549024,0.9342297192356319
0.11375000000000002,0.6455638481319997,0.2866489933717872,0.932212841503787
0.11549999999999994,0.6467541509715804,0.2834139137262534,0.9301680646978338
0.11724999999999985,0.6479069476425094,0.28018859340048025,0.9280955410429896
0.119,0.6490220654475757,0.27697335938405215,0.925995424831628
0.12074999999999991,0.6500993372350438,0.27376853517628846,0.9238678724113322
0.12249999999999983,0.6511386014338159,0.27057444073893816,0.9217130421727541
0.12424999999999997,0.6521397020874367,0.2673913924498408,0.9195310945372774
0.1259999999999999,0.6531024888869245,0.26421970305755954,0.917322191944484
0.12775000000000003,0.6540268172024292,0.2610596816369897,0.915086498839419
0.12949999999999995,0.6549125481137026,0.2579116335459596,0.9128241816596621
0.13124999999999987,0.6557595484393761,0.25477586038282024,0.9105354088221963
0.133,0.6565676907650396,0.2516526599450409,0.9082203507100804
0.13474999999999993,0.6573368534701125,0.24854232618881247,0.905879179658925
0.13649999999999984,0.6580669207534986,0.24544514918966265,0.9035120699431611
0.13824999999999998,0.6587577826580232,0.24236141510409442,0.9011191977621175
0.1399999999999999,0.6594093350936392,0.2392914061322534,0.8987007412258926
0.14174999999999982,0.6600214798594073,0.23623540048162212,0.8962568803410295
0.14349999999999996,0.6605941246642297,0.2331936723317573,0.8937877969959871
0.14524999999999988,0.6611271831463459,0.23016649180007023,0.8912936749464161
0.14700000000000002,0.6616205748915773,0.2271541249086494,0.8887746998002268
0.14874999999999994,0.66207422545032,0.22415683355214366,0.8862310590024637
0.15049999999999986,0.6624880663532782,0.22117487546669362,0.8836629418199717
0.15225,0.6628620351259399,0.21820850419992957,0.8810705393258694
0.15399999999999991,0.6631960753017832,0.21525796908203207,0.8784540443838151
0.15574999999999983,0.6634901364342138,0.21232351519785683,0.8758136516320706
0.15749999999999997,0.6637441741072381,0.2094053833601329,0.873149557467371
0.1592499999999999,0.6639581499448516,0.2065038100837363,0.8704619600285879
0.16100000000000003,0.6641320316191605,0.20361902756103217,0.8677510591801926
0.16274999999999995,0.6642657928572151,0.2007512636383027,0.8650170564955179
0.16449999999999987,0.664359413446574,0.19790074179324896,0.862260155239823
0.16625,0.6644128792395736,0.19506768111357695,0.8594805603531505
0.16799999999999993,0.6644261821563261,0.19225229627666623,0.8566784784329924
0.16974999999999985,0.664399320186427,0.1894547975303195,0.8538541177167466
0.17149999999999999,0.6643322973893795,0.1866753906746004,0.8510076880639799
0.1732499999999999,0.6642251238937391,0.1839142770447534,0.8481394009384925
0.17499999999999982,0.664077815894967,0.18117165349520883,0.8452494693901758
0.17674999999999996,0.6638903956520039,0.178447712384673,0.8423381080366769
0.17849999999999988,0.6636628914825656,0.17574264156230449,0.8394055330448701
0.18025000000000002,0.6633953377571462,0.17305662435496905,0.8364519621121153
0.18199999999999994,0.6630877748917529,0.17038983955558443,0.8334776144473374
0.18374999999999986,0.6627402493393548,0.16774246141253854,0.8304827107518935
0.1855,0.6623528135800603,0.1651146596201937,0.8274674732002539
0.18724999999999992,0.6619255261100182,0.16250659931046604,0.8244321254204843
0.18899999999999983,0.661458451429051,0.15991844104548006,0.8213768924745312
0.19074999999999998,0.6609516600270189,0.15735034081129873,0.8183020008383177
0.1924999999999999,0.6604052283689191,0.15480245001272225,0.8152076783816414
0.19425000000000003,0.659819238878729,0.15227491546915567,0.8120941543478846
0.19599999999999995,0.6591937799219868,0.14976787941154124,0.808961659333528
0.19774999999999987,0.6585289457871278,0.14728147948035,0.8058104252674779
0.1995,0.6578248366655658,0.1448158487246329,0.8026406853901986
0.20124999999999993,0.6570815586305429,0.14237111560212437,0.7994526742326672
0.20299999999999985,0.6562992236147295,0.1399474039803934,0.7962466275951229
0.20475,0.6554779493866063,0.13754483313904048,0.7930227825256468
0.2064999999999999,0.6546178595256142,0.13516351777293456,0.7897813772985488
0.20824999999999982,0.6537190833960868,0.1328035679964816,0.7865226513925683
0.20999999999999996,0.6527817561199715,0.13046508934892478,0.7832468454688963
0.21174999999999988,0.651806018548346,0.12814818280066861,0.7799542013490145
0.21350000000000002,0.6507920172317365,0.12585294476061656,0.7766449619923531
0.21524999999999994,0.6497399043892452,0.1235794670845261,0.7733193714737715
0.21699999999999986,0.6486498378764965,0.12132783708436265,0.7699776749608591
0.21875,0.647521981152406,0.11909813753865682,0.7666201186910628
0.22049999999999992,0.6463565032447877,0.11689044670385124,0.7632469499486388
0.22224999999999984,0.6451535787148005,0.11470483832663167,0.7598584170414323
0.22399999999999998,0.6439133876202482,0.11254138165723593,0.756454769277484
0.2257499999999999,0.6426361154777392,0.11040014146373311,0.7530362569414724
0.2274999999999998,0.6413219532237172,0.10828117804726309,0.7496031312709803
0.22924999999999995,0.6399710971743733,0.10618454725823046,0.7461556444326037
0.23099999999999987,0.6385837489844486,0.10411030051344633,0.7426940494978949
0.23275,0.6371601156049335,0.10205848481420224,0.7392186004191357
0.23449999999999993,0.6357004092396844,0.10002914276527873,0.735729552004963
0.23624999999999985,0.6342048473009616,0.09802231259486731,0.732227159895829
0.238,0.6326736523638956,0.09603802817540735,0.7287116805393029
0.2397499999999999,0.6311070521199061,0.09407631904532292,0.725183371165229
0.24149999999999983,0.6295052793290741,0.09213721043164899,0.7216424897607231
0.24324999999999997,0.6278685717714811,0.09022072327354211,0.7180892950450233
0.24499999999999988,0.6261971721975347,0.08832687424666238,0.7145240464441971
0.24675000000000002,0.6244913282772815,0.08645567578841538,0.7109470040656969
0.24849999999999994,0.622751292548733,0.08460713612404801,0.707358428672781
0.25024999999999986,0.6209773223652052,0.0827812592935829,0.703758581658788
0.252,0.6191696798416926,0.08097804517958443,0.700147725021277
0.2537499999999999,0.617328631800292,0.0791974895357439,0.6965261213360359
0.25549999999999984,0.6154544497146792,0.07743958401627196,0.6928940337309512
0.25725,0.6135474096536653,0.07570431620608832,0.6892517258597536
0.2589999999999999,0.6116077922238372,0.07399166965179846,0.6855994618756356
0.2607499999999998,0.6096358825113041,0.07230162389344155,0.6819375064047456
0.26249999999999996,0.6076319700225532,0.0706341544970026,0.6782661245195558
0.2642499999999999,0.6055963486244492,0.06898923308767518,0.6745855817121245
0.266,0.603529316483366,0.06736682738385982,0.6708961438672258
0.26774999999999993,0.6014311760034933,0.06576690123189204,0.6671980772353853
0.26949999999999985,0.5993022337643109,0.06418941464148065,0.6634916484057916
0.27125,0.5971428004572605,0.06263432382184933,0.6597771242791098
0.2729999999999999,0.5949531908216269,0.06110158121856665,0.6560547720401936
0.2747499999999998,0.5927337235796384,0.05959113555105035,0.6523248591306887
0.27649999999999997,0.5904847213708134,0.05810293185073571,0.6485876532215492
0.2782499999999999,0.588206510685564,0.05663691149989445,0.6448434221854584
0.2799999999999998,0.5858994217980672,0.05519301227108763,0.6410924340691548
0.28174999999999994,0.5835637886984345,0.05377116836724454,0.637334957065679
0.28349999999999986,0.5811999490241818,0.052371310462351175,0.6335712594865329
0.28525,0.5788082439910277,0.050993365742733,0.6298016097337606
0.2869999999999999,0.5763890183230316,0.049637257948924284,0.6260262762719558
0.28874999999999984,0.5739426201820909,0.04830290741810256,0.6222455276001934
0.2905,0.5714694010968113,0.04699023112708191,0.6184596322238932
0.2922499999999999,0.5689697158907776,0.045699142735846056,0.6146688586266237
0.2939999999999998,0.5664439226102277,0.044429552631608665,0.6108734752418363
0.29574999999999996,0.56389238245116,0.043181367973387855,0.6070737504245479
0.2974999999999999,0.5613154596858926,0.04195449273708039,0.6032699524229729
0.29925,0.558713521589075,0.04074882776101925,0.5994623493500942
0.30099999999999993,0.5560869383631977,0.039564270792003836,0.5956512091552015
0.30274999999999985,0.5534360830635937,0.03840071653178536,0.591836799595379
0.3045,0.5507613315229647,0.03725805668399436,0.5880193882069591
0.3062499999999999,0.5480630622754471,0.036136180001496876,0.584199242276944
0.30799999999999983,0.5453416564802293,0.035034972334161744,0.580376628814391
0.30974999999999997,0.5425974978447528,0.03395431667702743,0.5765518145217802
0.3114999999999999,0.5398309725475047,0.032894093218853025,0.5727250657663577
0.3132499999999998,0.5370424691604214,0.03185417939103666,0.5688966485514582
0.31499999999999995,0.5342323785709305,0.03083444991689008,0.5650668284878206
0.31674999999999986,0.5314010939036413,0.029834776861252108,0.5612358707648935
0.3185,0.5285490104417047,0.028855029680426313,0.557404040122131
0.3202499999999999,0.525676525547869,0.027895075272430604,0.5535716008202995
0.32199999999999984,0.5227840385852365,0.026954778027539768,0.5497388166127762
0.32375,0.5198719508377547,0.026033999879110415,0.5459059507168651
0.3254999999999999,0.5169406654304556,0.02513260035467089,0.5420732657851265
0.3272499999999998,0.5139905872494576,0.024250436627261535,0.5382410238767191
0.32899999999999996,0.5110221228617555,0.02338736356701143,0.534409486428767
0.3307499999999999,0.50803568043482,0.022543233792936792,0.5305789142277568
0.3325,0.5050316696560155,0.021717897724944146,0.5267495673809597
0.33424999999999994,0.5020105016518693,0.020911203636026894,0.5229217052878963
0.33599999999999985,0.49897258890720014,0.02012299770463715,0.5190955866118373
0.33775,0.4959183451841309,0.01935312406721999,0.5152714692513509
0.3394999999999999,0.49284818544100806,0.018601424870895673,0.5114496103119037
0.34124999999999983,0.48976252575123524,0.017867740326272745,0.5076302660775079
0.34299999999999997,0.48666178322205805,0.017151908760380336,0.5038136919824384
0.3447499999999999,0.4835463759133036,0.01645376666970318,0.5000001425830067
0.3464999999999998,0.4804167227561011,0.01577314877330459,0.4961898715294057
0.34824999999999995,0.4772732434716042,0.015109888066024287,0.4923831315376285
0.34999999999999987,0.4741163584897331,0.01446381587173522,0.4885801743614683
0.35175,0.4709464888679485,0.013834761896645092,0.48478125076459355
0.3534999999999999,0.46776405621009465,0.013222554282629272,0.48098661049272395
0.35524999999999984,0.46456948258530567,0.012627019660579046,0.47719650224588467
0.357,0.46136319044702045,0.012047983203752357,0.4734111736507728
0.3587499999999999,0.4581456025521017,0.01148526868111255,0.46963087123321423
0.3604999999999998,0.4549171418800976,0.010938698510639831,0.4658558403907374
0.36224999999999996,0.4516782315526491,0.01040809381260307,0.4620863253652522
0.3639999999999999,0.4484292947530758,0.009893274462777267,0.45832256921585307
0.3657499999999998,0.44517075464614747,0.009394059145591861,0.4545648137917393
0.36749999999999994,0.44190303429806416,0.008910265407197793,0.4508132997052619
0.36924999999999986,0.43862655659667127,0.008441709708438449,0.4470682663051097
0.371,0.4353417441719116,0.007988207477710929,0.4433299516496225
0.3727499999999999,0.432049019316549,0.007549573163704785,0.43959859248025385
0.37449999999999983,0.4287488039071728,0.00712562028800393,0.4358744241951767
0.37625,0.4254415193255011,0.006716161497539275,0.4321576808230404
0.3779999999999999,0.42212758638001097,0.006321008616878312,0.4284485949968893
0.3797499999999998,0.41880742522789655,0.005939972700338559,0.4247473979282351
0.38149999999999995,0.4154814552973883,0.005572864083912294,0.4210543193813006
0.38324999999999987,0.4121500952104463,0.005219492436989666,0.417369587647436
0.385,0.4088137627058382,0.0048796668138666194,0.4136934295197048
0.3867499999999999,0.4054728745626321,0.004553195705026627,0.41002607026765864
0.38849999999999985,0.40212784652410993,0.004239887088181966,0.4063677336122919
0.39025,0.39877909322212496,0.003939548479063614,0.4027186417011886
0.3919999999999999,0.395427028101921,0.0036519869819469993,0.399079015083868
0.3937499999999998,0.3920720633474239,0.0033770093399011383,0.395449072687325
0.39549999999999996,0.3887146098070304,0.0031144219847501426,0.3918290317917805
0.3972499999999999,0.3853550769199039,0.0028640310867345926,0.3882191080066385
0.3989999999999998,0.3819938726427982,0.0026256426038613733,0.3846195152466596
0.40074999999999994,0.3786314033774218,0.002399062330930516,0.3810304657083523
0.40249999999999986,0.3752680738983632,0.0021840959482278947,0.3774521698465911
0.40425,0.37190428728158637,0.001980549069872057,0.3738848363514584
0.4059999999999999,0.3685404448335223,0.0017882272918049184,0.37032867212532716
0.40774999999999983,0.36517694602076006,0.001606936239414734,0.3667838822601747
0.4095,0.3618141884003596,0.0014364816147812195,0.36325067001514083
0.4112499999999999,0.3584525675508061,0.0012766692435321088,0.3597292367943382
0.4129999999999998,0.3550924770036068,0.0011273051213005051,0.3562197821249073
0.41474999999999995,0.3517343081755584,0.0009881954597733443,0.3527225036353317
0.41649999999999987,0.3483784503016945,0.0008591467323206813,0.34923759703401513
0.41825,0.3450252903689237,0.0007399657191957626,0.3457652560881195
0.41999999999999993,0.34167521305038134,0.0006304595522967749,0.34230567260267813
0.42174999999999985,0.33832860064049736,0.0005304357594801235,0.3388590363999775
0.4235,0.33498583299080387,0.0004397023084165142,0.33542553529922037
0.4252499999999999,0.3316472874464934,0.000358067649980371,0.3320053550964738
0.4269999999999998,0.3283133387837343,0.00028534076116372155,0.328598679544898
0.42874999999999996,0.3249843591477649,0.00022133118750588697,0.3252056903352708
0.4304999999999999,0.32166071799177787,0.00016584908503037755,0.32182656707680823
0.4322499999999998,0.31834278201659877,0.00011870526168053633,0.3184614872782793
0.43399999999999994,0.31503091511118414,7.971121824586765e-05,0.31511062632943
0.43574999999999986,0.3117254782939413,4.867918877104755e-05,0.31177415748271237
0.4375,0.30842682965488344,2.542218043970784e-05,0.3084522518353231
0.4392499999999999,0.30513532429863577,9.754012925584548e-06,0.3051450783115614
0.44099999999999984,0.3018513142882993,1.489357203455928e-06,0.3018528036455028
0.44275,0.29857514859018447,4.4377381279493896e-07,0.2985755923639973
0.4444999999999999,0.2953071730194294,6.433750567068175e-06,0.29531360676999646
0.4462499999999998,0.2920477301865048,1.9276739701907277e-05,0.29206700692620674
0.44799999999999995,0.28879715944462353,3.8791194455553725e-05,0.2888359506390791
0.44974999999999987,0.2855557968380636,6.479660507517197e-05,0.2856205934431388
0.4514999999999998,0.28232397505140905,9.711353424286486e-05,0.2824210885856519
0.45324999999999993,0.27910202335972406,0.00013556365191538802,0.2792375870116394
0.45499999999999985,0.27589026757966845,0.00017996976957175315,0.2760702373492402
0.45675,0.2726890300215587,0.0002301558738632581,0.27291918589542197
0.4584999999999999,0.2694986294423912,0.00028594715966039964,0.26978457660205163
0.4602499999999998,0.2663193809998275,0.000347170062491706,0.2666665510623192
0.46199999999999997,0.2631515962071557,0.0004136522903694022,0.2635652484975251
0.4637499999999999,0.2599955828892366,0.00048522285499716573,0.2604808057442337
0.4654999999999998,0.25685164513943326,0.000561712102355594,0.2574133572417889
0.46724999999999994,0.25372008327754203,0.0006429517426608682,0.25436303502020285
0.46899999999999986,0.2506011938087281,0.0007287748796925542,0.2513299686884206
0.47075,0.24749526938346647,0.0008190160394867998,0.24831428542295328
0.4724999999999999,0.24440259875850662,0.000913511198390957,0.2453161099568976
0.47424999999999984,0.2413234667588536,0.0010120978104763698,0.24233556456932998
0.476,0.2382581542407817,0.001114614834305996,0.23937276907508767
0.4777499999999999,0.23520693805588494,0.0012209027590536568,0.2364278408149386
0.4794999999999998,0.23217009101615996,0.0013308036299723763,0.23350089464613236
0.48124999999999996,0.2291478818601399,0.001444161073208826,0.23059204293334873
0.4829999999999999,0.22614057522007755,0.001560820319961583,0.22770139554003913
0.4847499999999998,0.22314843159017642,0.001680628229981141,0.22482905982015758
0.48649999999999993,0.2201717072958864,0.0018034333144093537,0.22197514061029575
0.48824999999999985,0.21721065446425855,0.0019290857579566337,0.2191397402222152
0.49,0.2142655209953625,0.002057437440415533,0.21632295843577803
0.4917499999999999,0.21133655053477748,0.0021883419575087757,0.21352489249228623
0.4934999999999998,0.20842398244714977,0.0023216546410712367,0.210745637088221
0.49524999999999997,0.20552805179082728,0.0024572325785642965,0.2079852843693916
0.4969999999999999,0.20264898929357114,0.002594934631922029,0.20524392392549315
0.4987499999999998,0.19978702132934092,0.002734621455728873,0.2025216427850698
0.5005,0.19694236989616662,0.002876155514727967,0.19981852541089457
0.5022499999999999,0.19411525259509863,0.0030194011006602914,0.19713465369575892
0.504,0.19130588261023912,0.003164224348434705,0.19447010695867384
0.5057499999999999,0.18851446868986355,0.0033104932516287468,0.1918249619414923
0.5074999999999998,0.18574121512861863,0.003458077677321154,0.18919929280593978
0.50925,0.18298632175081145,0.0036068493802562454,0.1865931711310677
0.5109999999999999,0.18024998389478142,0.0037566820163412065,0.1840066659111226
0.5127499999999998,0.1775323923983547,0.003907451155477579,0.18143984355383228
0.5145,0.17483373358538576,0.0040590342937275046,0.17889276787911326
0.5162499999999999,0.1721541892533826,0.004211310864816853,0.17636550011819946
0.5179999999999998,0.16949393666220997,0.004364162250976327,0.17385809891318632
0.5197499999999999,0.1668531485238768,0.004517471793122692,0.1713706203169995
0.5214999999999999,0.16423199299340507,0.004671124800381691,0.16890311779378675
0.52325,0.1616306336607679,0.004825008558955417,0.16645564221972334
0.5249999999999999,0.15904922954391318,0.004979012340335813,0.16402824188424897
0.5267499999999998,0.15648793508284953,0.005133027408867395,0.16162096249171692
0.5285,0.1539469001348091,0.005286947028661642,0.15923384716347075
0.5302499999999999,0.1514262699704753,0.005440666469865857,0.15686693644034116
0.5319999999999998,0.14892618527127122,0.005594083014289948,0.15452026828556117
0.53375,0.14644678212771087,0.005747095960394018,0.1521938780881049
0.5354999999999999,0.14398819203880603,0.005899606627640199,0.14988779866644622
0.5372499999999998,0.14155054191252261,0.0060515183602127464,0.14760206027273537
0.5389999999999999,0.13913395406728624,0.006202736530109595,0.14533669059739585
0.5407499999999998,0.13673854623453216,0.00635316853960958,0.14309171477414176
0.5425,0.1343644315622875,0.0065027238231196325,0.14086715538540712
0.5442499999999999,0.13201171861979344,0.006651313848405685,0.13866303246819914
0.5459999999999998,0.12968051140314724,0.006798852117212289,0.13647936352035953
0.54775,0.12737090934197154,0.006945254165275057,0.1343161635072466
0.5494999999999999,0.12508300730709654,0.007090437561730865,0.1321734448688274
0.5512499999999998,0.12281689561925091,0.007234321907930872,0.13005121752718177
0.5529999999999999,0.12057266005875729,0.00737682883566106,0.12794948889441835
0.5547499999999999,0.11835038187622389,0.007517882004775606,0.1258682638809995
0.5565,0.11615013780422269,0.00765740710024874,0.12380754490447142
0.5582499999999999,0.11397200006995443,0.007795331828649893,0.12176733189860432
0.5599999999999998,0.11181603640888335,0.00793158591404863,0.11974762232293197
0.56175,0.10968231007934245,0.008066101093354261,0.11774841117269673
0.5634999999999999,0.10757087987809705,0.008198811111096665,0.11576969098919372
0.5652499999999998,0.10548180015685812,0.008329651713654119,0.11381145187051224
0.567,0.10341512083973976,0.008458560642934165,0.11187368148267395
0.5687499999999999,0.1013708874416517,0.008585477629514143,0.10995636507116584
0.5704999999999998,0.09934914108761428,0.008710344385247459,0.10805948547286175
0.5722499999999999,0.09734991853299238,0.008833104595342466,0.10618302312833484
0.5739999999999998,0.09537325218463724,0.008953703909920166,0.10432695609455742
0.57575,0.09341917012292215,0.00907208993505812,0.10249126005798026
0.5774999999999999,0.09148769612467245,0.009188212223326856,0.1006759083479993
0.5792499999999998,0.08957884968696736,0.00930202226382624,0.0988808719507936
0.581,0.08769264605181556,0.009413473471728651,0.09710611952354423
0.5827499999999999,0.08582909623168707,0.009522521177336202,0.09535161740902327
0.5844999999999998,0.08398820703589123,0.009629122614659591,0.09361732965055082
0.5862499999999999,0.08216998109779512,0.009733236909525654,0.09190321800732078
0.5879999999999999,0.08037441690286663,0.00983482506722126,0.0902092419700879
0.5897499999999998,0.07860150881753289,0.009933849959681431,0.08853535877721432
0.5914999999999999,0.07685124711884338,0.0100302763122289,0.08688152343107226
0.5932499999999998,0.07512361802492767,0.010124070689873291,0.08524768871480097
0.595,0.07341860372623166,0.010215201483177712,0.08363380520940936
0.5967499999999999,0.07173618241752719,0.010303638893700597,0.08203982131122778
0.5984999999999998,0.07007632833067719,0.010389354919020986,0.08046568324969817
0.60025,0.06843901176814818,0.010472323337355255,0.07891133510550344
0.6019999999999999,0.06682419913725807,0.010552519691773558,0.07737671882903163
0.6037499999999998,0.06523185298514306,0.01062992127402426,0.07586177425916732
0.6054999999999997,0.06366193203443644,0.010704507107974532,0.07436643914241098
0.6072500000000001,0.062114391219642844,0.010776257932675715,0.07289064915231856
0.609,0.06058918172419898,0.010845156185061721,0.0714343379092607
0.6107499999999999,0.059086251018201474,0.010911185982289146,0.06999743700049062
0.6124999999999998,0.05760554289679757,0.010974333103727517,0.06857987600052508
0.6142499999999997,0.05614699751921919,0.01103458497260828,0.06718158249182747
0.6160000000000001,0.05471055144844869,0.011091930637341447,0.06580248208579013
0.61775,0.053296137691506026,0.01114636075250814,0.06444249844401416
0.6194999999999999,0.051903685740337005,0.011197867559538393,0.0631015532998754
0.6212499999999999,0.05053312161329794,0.011246444867082392,0.06177956648038033
0.6229999999999998,0.04918436789721581,0.0112920880310844,0.0604764559283002
0.6247499999999997,0.04785734379001403,0.011334793934568094,0.05919213772458213
0.6265000000000001,0.0465519651438884,0.011374560967142112,0.05792652611103051
0.62825,0.04526814450902109,0.01141138900423491,0.056679533513256004
0.6299999999999999,0.04400579117781488,0.011445279386067675,0.05545107056388256
0.6317499999999998,0.042764811229638405,0.011476234896374468,0.054241046126012875
0.6334999999999997,0.04154510757606509,0.011504259740878325,0.053049367316943416
0.6352500000000001,0.040346580006591824,0.011529359525532575,0.0518759395321244
0.637,0.0391691252348253,0.011551541234536066,0.05072066646936136
0.6387499999999999,0.038012636945116626,0.011570813208131725,0.04958345015324835
0.6404999999999998,0.036877005839636504,0.011587185120197064,0.04846419095983357
0.6422499999999998,0.03576211968587123,0.011600667955635866,0.047362787641507094
0.6439999999999997,0.03466786336452658,0.011611273987580105,0.04627913735210669
0.64575,0.0335941189178261,0.011619016754410922,0.04521313567223702
0.6475,0.03254076559818801,0.011623911036607901,0.04416467663479592
0.6492499999999999,0.03150767991726501,0.011625972833435522,0.04313365275070053
0.6509999999999998,0.03049473569533494,0.011625219339475731,0.04211995503481067
0.6527499999999997,0.02950180411102554,0.011621668921015765,0.0411234730320413
0.6545000000000001,0.028528753751359152,0.011615341092299976,0.04014409484365913
0.65625,0.027575450662102947,0.011606256491654882,0.03918170715375783
0.6579999999999999,0.026641758398408065,0.011594436857495989,0.038236195255904055
0.6597499999999998,0.02572753807572581,0.011579905004225604,0.037307443079951416
0.6614999999999998,0.02483264842098386,0.011562684798030328,0.03639533321901419
0.6632499999999997,0.02395694582400804,0.011542801132587047,0.03549974695659509
0.665,0.02310028438917516,0.01152027990468633,0.03462056429386149
0.66675,0.022262515987283175,0.011495147989781825,0.033757663977065006
0.6684999999999999,0.02144349030762004,0.011467433217474492,0.03291092352509453
0.6702499999999998,0.020643054910221812,0.01143716434694038,0.032080219257162194
0.6719999999999997,0.01986105527830093,0.011404371042310374,0.03126542632061131
0.6737500000000001,0.019097334870831893,0.011369083848010653,0.030466418718842543
0.6755,0.01835173517527962,0.011331334164072518,0.029683069339352143
0.6772499999999999,0.017624095760454074,0.011291154221419634,0.028915249981873704
0.6789999999999998,0.01691425432947896,0.011248577057141568,0.02816283138662053
0.6807499999999997,0.016222046772858056,0.011203636489761745,0.0274256832626198
0.6824999999999997,0.015547307221625421,0.011156367094508183,0.026703674316133606
0.68425,0.01488986810056404,0.01110680417859516,0.025996672279159205
0.6859999999999999,0.014249560181480466,0.011054983756524287,0.025304543938004753
0.6877499999999999,0.013626212636517311,0.011000942525412562,0.024627155161929874
0.6894999999999998,0.013019653091493714,0.010944717840356001,0.023964370931849718
0.6912499999999997,0.01242970767925579,0.010886347689836528,0.023316055369092318
0.6930000000000001,0.011856201093024838,0.010825870671179938,0.022682071764204774
0.69475,0.01129895663972886,0.010763325966073132,0.022062282605801998
0.6964999999999999,0.010757796293301584,0.010698753316147749,0.021456549609449333
0.6982499999999998,0.010232540747937946,0.010632192998638526,0.020864733746576474
0.6999999999999997,0.009723009471289405,0.010563685802123468,0.020286695273412873
0.7017499999999997,0.009229020757586796,0.010493273002353568,0.019722293759940362
0.7035,0.008750391780675968,0.010420996338179394,0.01917138811885536
0.7052499999999999,0.008286938646953877,0.010346897987581934,0.01863383663453581
0.7069999999999999,0.007838476448189257,0.010271020543814666,0.01810949699200392
0.7087499999999998,0.007404819314217077,0.010193406991664497,0.017598226305881575
0.7104999999999997,0.006985780465491576,0.010114100683838067,0.017099881149329643
0.71225,0.0065811722654850425,0.010033145317480698,0.016614317582965738
0.714,0.006190806272919845,0.009950584910834769,0.01614139118375461
0.7157499999999999,0.0058144932938191275,0.009866463780044122,0.01568095707386325
0.7174999999999998,0.005452043433365197,0.009780826516111358,0.015232869949476556
0.7192499999999997,0.005103266147551251,0.009693717962014521,0.014796984109565772
0.7210000000000001,0.004767970294614441,0.00960518318998934,0.014373153484603782
0.72275,0.004445964186237973,0.00951526747898392,0.013961231665221892
0.7244999999999999,0.004137055638508544,0.009424016292291395,0.013561071930799938
0.7262499999999998,0.0038410520226186636,0.009331475255367387,0.01317252727798605
0.7279999999999998,0.003557760315300236,0.009237690133837724,0.01279545044913796
0.7297499999999997,0.0032869871489781067,0.009142706811702636,0.012429693960680742
0.7315,0.003028538861631281,0.009046571269743056,0.012075110131374339
0.73325,0.0027822215463508097,0.008949329564134854,0.011731551110485666
0.7349999999999999,0.002547841100581428,0.008851027805276314,0.01139886890585774
0.7367499999999998,0.0023252032750371325,0.008751712136834575,0.011076915411871707
0.7384999999999997,0.002114113722278266,0.008651428715016216,0.010765542437294481
0.7402500000000001,0.0019143780449393216,0.008550223688067148,0.010464601733006468
0.742,0.0017258018435968758,0.008448143176007167,0.010173945019604044
0.7437499999999999,0.0015481907642659228,0.00834523325060357,0.009893424014869492
0.7454999999999998,0.0013813505455151775,0.00824153991558946,0.009622890461104637
0.7472499999999997,0.0012250870651899191,0.008137109087130787,0.009362196152320706
0.7489999999999997,0.001079206386732529,0.008031986574547106,0.009111192961279635
0.75075,0.0009435148050904567,0.007926218061290423,0.00886973286638088
0.7525,0.0008178188922018178,0.007819849086186504,0.008637667978388322
0.7542499999999999,0.0007019255420484358,0.007712925024942725,0.00841485056699116
0.7559999999999998,0.0005956420152672924,0.007605491071926906,0.008201133087194199
0.7577499999999997,0.0004987759833105565,0.007497592222220775,0.007996368205531332
0.7595000000000001,0.00041113557214502133,0.007389273253952093,0.007800408826097114
0.76125,0.0003325294054821156,0.007280578710909199,0.0076131081163913145
0.7629999999999999,0.0002627666475291617,0.007171552885441262,0.007434319532970424
0.7647499999999998,0.00020165704525373253,0.007062239801648206,0.007263896846901938
0.7664999999999997,0.00014901097015223344,0.006952683198863292,0.007101694169015524
0.7682499999999997,0.00010463945951451856,0.0068429265154316046,0.006947565974946123
0.77,6.835425717645601e-05,0.006733012872787655,0.006801367129964111
0.7717499999999999,3.996785375250417e-05,0.006622985059835104,0.006662952913587609
0.7734999999999999,1.929352634049919e-05,0.006512885517631034,0.006532179043971533
0.7752499999999998,6.145377691263299e-06,0.006402756324378045,0.006408901702069308
0.7769999999999997,3.3837483558774144e-07,0.0062926391807263055,0.006292977555561893
0.77875,1.6883871615082135e-06,0.006182575395388134,0.006184263782549642
0.7805,1.0012223934921377e-05,0.006072605871067619,0.00608261809500254
0.7822499999999999,2.5127671256828e-05,0.005962771090706962,0.00598789876196379
0.7839999999999998,4.685352845066468e-05,0.005853111104052128,0.005899964632502792
0.7857499999999997,7.50096438733958e-05,0.005743665514539471,0.005818675158412867
0.7874999999999996,0.00010941695014425526,0.0056344734665051,0.005743890416649356
0.78925,0.00014989749878522408,0.005525573632718683,0.005675471131503907
0.7909999999999999,0.00019627449426746653,0.005417004202243476,0.005613278696510942
0.7927499999999998,0.00024837232745840746,0.005308802868623351,0.005557175196081759
0.7944999999999998,0.00030601660846389173,0.005201006818398859,0.0055070234268627515
0.7962499999999997,0.00036903419886056795,0.005093652719953019,0.005462686918813586
0.798,0.00043725324331348207,0.004986776712687894,0.0054240299560013765
0.79975,0.0005105032005742246,0.004880414396533192,0.005390917597107417
0.8014999999999999,0.0005886148738553047,0.004774600821786963,0.005363215695642268
0.8032499999999998,0.0006714204405762794,0.004669370479289926,0.0053407909198662055
0.8049999999999997,0.0007587534814777566,0.0045647572909332836,0.0053235107724110406
0.8067500000000001,0.0008504490090993981,0.004460794600500684,0.0053112436096000816
0.8085,0.0009463434956182152,0.004357515164844691,0.0053038586604629056
0.8102499999999999,0.001046274900043999,0.0042549511453975584,0.0053012260454415585
0.8119999999999998,0.0011500826947683067,0.004153134100016852,0.005303216794785158
0.8137499999999998,0.0012576078914643574,0.004052094975165426,0.005309702866629783
0.8154999999999997,0.0013686930663348133,0.003951864098425756,0.005320557164760568
0.81725,0.0014831823847050731,0.0038524711713481268,0.0053356535560532
0.819,0.0016009216249594483,0.003753945262632562,0.00535486688759201
0.8207499999999999,0.0017217582018184364,0.0036563148016434135,0.0053780730034618494
0.8224999999999998,0.0018455411889548264,0.0035596075722565184,0.005405148761211345
0.8242499999999997,0.00197212134094699,0.0034638507070376733,0.005435972047984664
0.8260000000000001,0.0021013511145679675,0.0033690706817517397,0.005470421796319708
0.82775,0.0022330846894086415,0.0032752933102014312,0.005508377999610073
0.8294999999999999,0.0023671779878346234,0.0031825437393942784,0.005549721727228901
0.8312499999999998,0.0025034886942749846,0.0030908464450370658,0.00559433513931205
0.8329999999999997,0.0026418762738429076,0.003000225227355939,0.005642101501198846
0.8347499999999997,0.0027822019902873224,0.0029107032072409828,0.005692905197528305
0.8365,0.002924328923275433,0.0028223028227135497,0.005746631745988984
0.8382499999999999,0.0030681219850058547,0.0027350458257149038,0.005803167810720758
0.8399999999999999,0.003213447936152839,0.0026489532792139544,0.0058624012153667944
0.8417499999999998,0.003360175401141312,0.002564045554632749,0.005924220955774061
0.8434999999999997,0.0035081748827537475,0.002480342329587378,0.005988517212341125
0.8452500000000001,0.003657318776069302,0.002397862585942296,0.0060551813620115975
0.847,0.0038074813817361264,0.0023166246081760353,0.006124105989912161
0.8487499999999999,0.003958538918578224,0.0022366459820556523,0.006195184900633876
0.8504999999999998,0.004110369535537654,0.002157943593618043,0.006268313129155697
0.8522499999999997,0.004262853322953895,0.0020805336284552872,0.006343386951409183
0.8539999999999996,0.004415872323182056,0.0020044315713015843,0.00642030389448364
0.85575,0.004569310540551637,0.0019296522059191752,0.006498962746470812
0.8574999999999999,0.004723053950667775,0.0018562096152804693,0.006579263565948245
0.8592499999999998,0.004876990509057776,0.0017841171820434504,0.006661107691101226
0.8609999999999998,0.005031010159164506,0.0017133875893177,0.006744397748482206
0.8627499999999997,0.00518500483968997,0.0016440328217177946,0.006829037661407765
0.8645,0.005338868491291482,0.0015760641667011356,0.006914932657992618
0.86625,0.0054924970626333055,0.0015094922161870315,0.007001989278820337
0.8679999999999999,0.005645788515797365,0.0014443268684536741,0.007090115384251039
0.8697499999999998,0.005798642831055838,0.0013805773303099123,0.007179220161365751
0.8714999999999997,0.005950962011009298,0.0013182521195382743,0.007269214130547571
0.8732499999999996,0.006102650084094103,0.001257359067605756,0.007360009151699859
0.875,0.00625361310746289,0.0011979053226389383,0.007451518430101829
0.8767499999999999,0.00640375916924181,0.0011398973526598052,0.007543656521901616
0.8784999999999998,0.006552998390169392,0.0010833409490784457,0.007636339339247838
0.8802499999999998,0.006701242924620512,0.0010282412304390897,0.0077294841550596015
0.8819999999999997,0.006848406961020438,0.0009746026464155575,0.007823009607435994
0.88375,0.00699440672165358,0.0009224289820522491,0.007916835703705829
0.8855,0.007139160461871292,0.0008717233622468261,0.008010883824118119
0.8872499999999999,0.0072825884687045955,0.000822488256470414,0.00810507672517501
0.8889999999999998,0.007424613058885705,0.0007747254837214796,0.008199338542607185
0.8907499999999997,0.0075651585762846,0.0007284362177091554,0.008293594793993756
0.8925000000000001,0.007704151388765484,0.0006836209922618561,0.00838777238102734
0.89425,0.007841519884468826,0.0006402797069570713,0.008481799591425898
0.8959999999999999,0.007977194467524835,0.0005984116329678553,0.008575606100492688
0.8977499999999998,0.008111107553203744,0.0005580154191219854,0.008669122972325728
0.8994999999999997,0.008243193562509247,0.0005190890981692228,0.00876228266067847
0.9012499999999997,0.008373388916220985,0.0004816300932523581,0.008855019009473343
0.903,0.008501632028392362,0.0004456352245775716,0.008947267252969933
0.9047499999999999,0.008627863299309833,0.0004111007162797017,0.009038964015589535
0.9064999999999999,0.008752025107920612,0.00037802220347771834,0.00913004731139833
0.9082499999999998,0.008874061803734647,0.00034639473951608463,0.009220456543250731
0.9099999999999997,0.00899391969820828,0.00031621280338722926,0.009310132501595509
0.9117500000000001,0.009111547055615976,0.00028747030733059376,0.00939901736294657
0.9135,0.00922689408341706,0.000260160604603585,0.009487054688020646
0.9152499999999999,0.009339912922124959,0.0002342764974196992,0.009574189419544658
0.9169999999999998,0.00945055763468534,0.00020981024504921093,0.009660367879734552
0.9187499999999997,0.009558784195371178,0.00018675357207759998,0.009745537767448778
0.9204999999999997,0.009664550478201535,0.00016509767681701122,0.009829648155018546
0.92225,0.00976781624489182,0.00014483323986593059,0.009912649484757752
0.9239999999999999,0.009868543132342885,0.0001259504328123496,0.009994493565155235
0.9257499999999999,0.009966694639676943,0.00010843892707549872,0.01007513356675244
0.9274999999999998,0.010062236114827535,9.228790288144759e-05,0.010154524017708982
0.9292499999999997,0.010155134740691804,7.748605836762593e-05,0.01023262079905943
0.931,0.010245359520852797,6.40216188114764e-05,0.010309381139664274
0.93275,0.010332881264879707,5.188234597836664e-05,0.010384763610858074
0.9344999999999999,0.010417672573214451,4.1055547583859725e-05,0.01045872812079831
0.9362499999999998,0.010499707821652278,3.1528086865519694e-05,0.010531235908517797
0.9379999999999997,0.010578963145424952,2.328639225934601e-05,0.010602249537684297
0.9397499999999996,0.010655416422894639,1.6316467175963392e-05,0.010671732890070602
0.9415,0.010729047258866966,1.0603899871690404e-05,0.010739651158738657
0.9432499999999999,0.010799836967531439,6.1338734096208254e-06,0.01080597084094106
0.9449999999999998,0.01086776855503808,2.891175705819035e-06,0.010870659730743897
0.9467499999999998,0.010932826701718378,8.602096558002755e-07,0.010933686911374176
0.9484999999999997,0.010994997743959317,2.5003336408881432e-08,0.010995022747295725
0.95025,0.011054269655739345,3.69220278257456e-07,0.011054638876017603
0.952,0.011110632029834484,1.8761698038855642e-06,0.01111250819963837
0.9537499999999999,0.011164076058703775,4.5288174268155e-06,0.01116860487613059
0.9554999999999998,0.011214594515062458,8.309795306692467e-06,0.01122290431036915
0.9572499999999997,0.011262181732151964,1.320141275571575e-05,0.011275383144907681
0.9589999999999996,0.011306833583715412,1.9185666791585525e-05,0.011326019250506998
0.96075,0.011348547463687422,2.6244252732207742e-05,0.01137479171641963
0.9624999999999999,0.011387322265607368,3.435857482741884e-05,0.011421680840434786
0.9642499999999998,0.011423158361764763,4.350975692303526e-05,0.011466668118687798
0.9659999999999997,0.011456057582085845,5.367865315251475e-05,0.01150973623523836
0.9677499999999997,0.011486023192770325,6.484585865158522e-05,0.011550869051421912
0.9695,0.011513059874687233,7.69917202912156e-05,0.011590051594978449
0.97125,0.011537173701538863,9.009634742429205e-05,0.011627270048963155
0.9729999999999999,0.011558372117801927,0.00010413962264148449,0.011662511740443412
0.9747499999999998,0.011576663916454791,0.00011910121253170131,0.011695765128986492
0.9764999999999997,0.011592059216499912,0.00013496057844266423,0.011727019794942575
0.9782500000000001,0.011604569440290383,0.0001516969872371389,0.01175626642752752
0.98,0.011614207290669821,0.00016928952204034128,0.011783496812710162
0.9817499999999999,0.011620986727934369,0.0001877170929742097,0.01180870382090858
0.9834999999999998,0.011624922946625963,0.000206958447874086,0.011831881394500048
0.9852499999999997,0.011626032352165852,0.0002269921829835822,0.011853024535149435
0.9869999999999997,0.011624332537337308,0.000247796753623307,0.011872129290960614
0.98875,0.01161984225862651,0.0002693504848292541,0.011889192743455764
0.9904999999999999,0.01161258141243064,0.0002916315819566395,0.011904212994387282
0.9922499999999999,0.01160257101114191,0.0003146181412451183,0.011917189152387028
0.9939999999999998,0.01158983315911671,0.0003382881603412181,0.011928121319457929
0.9957499999999997,0.011574391028538522,0.00036261954877399766,0.011937010577312519
0.9975,0.011556268835183476,0.0003875901383799437,0.01194385897356342
0.99925,0.011535491814097592,0.00041317769367311887,0.011948669507770711
1.001,0.01151208619519411,0.0004393599221568053,0.011951446117350916
1.0027499999999998,0.011486079178780001,0.0004661144845726471,0.011952193663352649
1.0044999999999997,0.011457498911020143,0.0004934190050836445,0.011950917916103785
1.0062499999999996,0.011426374459347853,0.0005212510813872395,0.011947625540735092
1.008,0.011392735787830548,0.0005495882947548228,0.011942324082585372
1.00975,0.011356613732498815,0.0005784082199940707,0.011935021952492885
1.0114999999999998,0.011318039976647674,0.0006076884353306065,0.011925728411978283
1.0132499999999998,0.0112770470261183,0.0006374065322054198,0.011914453558323719
1.0149999999999997,0.011233668184568713,0.0006675401249847025,0.011901208309553416
1.01675,0.011187937528741726,0.0006980668605786984,0.011886004389320425
1.0185,0.011139889883738539,0.0007289644279662701,0.01186885431170481
1.0202499999999999,0.011089560798305963,0.0007602105676220129,0.011849771365927976
1.0219999999999998,0.01103698652014567,0.0007917830808426374,0.011828769600988307
1.0237499999999997,0.01098220397125345,0.0008236598389695977,0.011805863810223046
1.0254999999999996,0.01092525072329657,0.000855818792504924,0.011781069515801493
1.02725,0.01086616497303688,0.0008882379801172625,0.011754402953154141
1.029,0.010804985517808148,0.0009208955375351948,0.011725881055343345
1.0307499999999998,0.010741751731054587,0.0009537697063251224,0.011695521437379711
1.0324999999999998,0.01067650353793905,0.0009868388425507677,0.011663342380489817
1.0342499999999997,0.010609281391028109,0.0010200814253117677,0.011629362816339877
1.036,0.010540126246061566,0.0010534760651586207,0.011593602311220187
1.03775,0.01046907953781423,0.0010870015123814573,0.011556081050195687
1.0394999999999999,0.010396183156056622,0.0011206366651702116,0.011516819821226836
1.0412499999999998,0.010321479421622752,0.00115436057764369,0.011475839999266442
1.0429999999999997,0.010245011062591496,0.001188152467745234,0.01143316353033673
1.0447499999999996,0.01016682119058905,0.0012219917250027254,0.011388812915591774
1.0465,0.010086953277219195,0.0012558579181507251,0.011342811195369918
1.04825,0.01000545113062871,0.0012897308026125558,0.011295181933241265
1.0499999999999998,0.009922358872214083,0.0013235903278404693,0.011245949200054551
1.0517499999999997,0.009837720913476953,0.0013574166445116543,0.011195137557988608
1.0534999999999997,0.009751581933034431,0.001391190111578408,0.011142772044612838
1.05525,0.009663986853790931,0.0014248913031705342,0.011088878156961466
1.057,0.009574980820278038,0.0014585010153481935,0.011033481835626233
1.0587499999999999,0.009484609176168389,0.0014920002727036746,0.010976609448872065
1.0604999999999998,0.009392917441970258,0.0015253703348102785,0.010918287776780536
1.0622499999999997,0.009299951292908403,0.0015585927025169265,0.010858543995425329
1.0639999999999996,0.009205756536997562,0.0015916491240869908,0.010797405661084553
1.06575,0.009110379093314167,0.001624521601180003,0.01073490069449417
1.0675,0.009013864970472317,0.0016571923946748371,0.010671057365147153
1.0692499999999998,0.008916260245309216,0.0016896440303333122,0.010605904275642527
1.0709999999999997,0.00881761104178614,0.0017218593043028677,0.010539470346089009
1.0727499999999996,0.008717963510109844,0.0017538212884573572,0.010471784798567202
1.0745,0.008617363806080003,0.0017855133355749492,0.010402877141654951
1.07625,0.008515858070667884,0.0018169190843520964,0.01033277715501998
1.0779999999999998,0.008413492409830773,0.0018480224642529117,0.010261514874083685
1.0797499999999998,0.008310312874567986,0.0018788077001929628,0.010189120574760948
1.0814999999999997,0.008206365441222364,0.0019092593170569243,0.01011562475827929
1.08325,0.008101695992032604,0.001939362144049393,0.010041058136081998
1.085,0.00799635029594068,0.0019691013188782983,0.009965451614818977
1.0867499999999999,0.007890373989658604,0.0019984622917705057,0.00988883628142911
1.0884999999999998,0.007783812558999456,0.0020274308293190654,0.009811243388318522
1.0902499999999997,0.007676711320476197,0.0020559930181618916,0.009732704338638088
1.0919999999999996,0.00756911540317274,0.0020841352684915367,0.009653250671664277
1.09375,0.0074610697308911235,0.0021118443173958994,0.009572914048287024
1.0955,0.0073526190045785705,0.002139107232029669,0.009491726236608239
1.0972499999999998,0.007243807685037958,0.0021659114126166344,0.009409719097654593
1.0989999999999998,0.007134679975925647,0.0021922445952826273,0.009326924571208275
1.1007499999999997,0.007025279807039765,0.002218094854719388,0.009243374661759153
1.1025,0.006915650817902267,0.002243450606679428,0.009159101424581696
1.10425,0.0068058363416382515,0.0022683006103020984,0.00907413695194035
1.1059999999999999,0.00669587938915502,0.0022926339702712527,0.008988513359426272
1.1077499999999998,0.006585822633624328,0.0023164401388047545,0.008902262772429082
1.1094999999999997,0.006475708395270467,0.0023397089174763287,0.008815417312746796
1.1112499999999996,0.006365578626466515,0.0023624304588702404,0.008728009085336755
1.113,0.006255474897141711,0.002384595268069387,0.008640070165211098
1.11475,0.006145438380502185,0.002406194203977341,0.008551632584479526
1.1164999999999998,0.00603550983906712,0.0024272184804752083,0.008462728319542328
1.1182499999999997,0.005925729611022799,0.002447659667413876,0.008373389278436675
1.1199999999999997,0.00581613759689638,0.0024675096914426034,0.008283647288338985
1.12175,0.0057067732465511875,0.002486760836674755,0.008193534083225942
1.1235,0.0055976755465056306,0.0025054057451916714,0.008103081291697302
1.1252499999999999,0.00548888300757673,0.002523437417385698,0.008012320424962428
1.1269999999999998,0.005380433652850491,0.0025408492121433614,0.007921282864993853
1.1287499999999997,0.005272365005979935,0.002557634846869901,0.007829999852849837
1.1304999999999996,0.00516471407981227,0.0025737883973562794,0.007738502477168549
1.13225,0.005057517365346257,0.0025893042974899612,0.007646821662836218
1.134,0.004950810821020865,0.002604177338810734,0.007554988159831598
1.1357499999999998,0.0048446298623356894,0.0026184026699128905,0.00746303253224858
1.1374999999999997,0.004739009351804457,0.0026319757956952826,0.007370985147499741
1.1392499999999997,0.004633983589241736,0.0026448925764605675,0.0072788761657023035
1.141,0.004529586302383541,0.0026571492268652776,0.007186735529248819
1.14275,0.00442585063784229,0.0026687423147222287,0.007094592952564518
1.1444999999999999,0.004322809152395928,0.002679668759656894,0.007002477912052822
1.1462499999999998,0.004220493804611931,0.0026899258316193885,0.00691041963623132
1.1479999999999997,0.004118935946805714,0.0026995111492538267,0.006818447096059541
1.1497499999999996,0.004018166317333572,0.0027084226781267677,0.006726588995460339
1.1515,0.003918215033219669,0.002716658728816584,0.006634873762036254
1.1532499999999999,0.0038191115831171163,0.0027242179548656116,0.0065433295379827274
1.1549999999999998,0.003720884820602035,0.0027310993505969667,0.006451984171199002
1.1567499999999997,0.003623562957800738,0.0027373022487979745,0.006360865206598713
1.1584999999999996,0.003527173559348655,0.002742826318272211,0.006269999877620866
1.16025,0.003431743536680613,0.0027476715612621693,0.006179415097942782
1.162,0.0033372991426513982,0.002751838310744623,0.006089137453396021
1.1637499999999998,0.0032438659664853014,0.0027553272276008025,0.005999193194086103
1.1654999999999998,0.0031514689290539828,0.0027581392976634943,0.0059096082267174775
1.1672499999999997,0.0030601322784808527,0.0027602758286432963,0.005820408107124149
1.169,0.0029698795860709443,0.00276173844693622,0.005731618033007165
1.17075,0.0028807337425646837,0.00276252909431484,0.0056432628368795245
1.1724999999999999,0.0027927169547137865,0.0027626500245054022,0.005555366979219189
1.1742499999999998,0.0027058507421778197,0.0027621037996530583,0.005467954541830877
1.1759999999999997,0.0026201559347395335,0.0027608932866776967,0.005381049221417231
1.1777499999999996,0.0025356526698369804,0.002759021653522653,0.005294674323359633
1.1795,0.002452360390410445,0.0027564923652987753,0.00520885275570922
1.18125,0.002370297843062256,0.0027533091803262633,0.005123607023388519
1.1829999999999998,0.0022894830765267733,0.0027494761460766827,0.005038959222603456
1.1847499999999997,0.0022099334404489046,0.0027449975950177194,0.0049549310354666245
1.1864999999999997,0.0021316655844682403,0.002739878140363157,0.004871543724831397
1.18825,0.0020546954576064875,0.0027341226717305573,0.004788818129337045
1.19,0.0019790383079557527,0.0027277363507092786,0.004706774658665032
1.1917499999999999,0.0019047086826645984,0.0027207246063413407,0.004625433289005939
1.1934999999999998,0.001831720428219609,0.002713093130517774,0.004544813558737383
1.1952499999999997,0.0017600866910192385,0.0027048478732930145,0.004464934564312253
1.1969999999999996,0.0016898199182371434,0.0026959950381200116,0.004385814956357155
1.19875,0.001620931858971974,0.00268654107700867,0.004307472935980644
1.2005,0.0015534335656805303,0.0026764926856103137,0.004229926251290844
1.2022499999999998,0.0014873353958909398,0.002665856798230758,0.004153192194121697
1.2039999999999997,0.0014226470141928743,0.002654640582774786,0.00407728759696766
1.2057499999999997,0.0013593773945012422,0.002642851435624636,0.004002228830125879
1.2075,0.0012975348225899546,0.0026304969764552135,0.003928031799045168
1.20925,0.0012371268988924486,0.00261758504298879,0.0038547119418812386
1.2109999999999999,0.0011781605415651052,0.0026041236856918296,0.003782284227256935
1.2127499999999998,0.0011206419898102517,0.002590121162416715,0.003710763152226967
1.2144999999999997,0.0010645768074548441,0.00257558593299108,0.003640162740445924
1.2162499999999996,0.0010099698867810831,0.0025605266537575134,0.0035704965405385963
1.218,0.0009568254526052021,0.0025449521720662866,0.003501777624671489
1.21975,0.0009051470666005288,0.002528871520723968,0.0034340185873244964
1.2214999999999998,0.0008549376318607263,0.002512293912400487,0.0033672315442612134
1.2232499999999997,0.0008061993976994013,0.002495228733997562,0.0033014281316969636
1.2249999999999996,0.0007589339646818821,0.0024776855409810853,0.0032366195056629677
1.22675,0.0007131422898850528,0.0024596740516802788,0.0031728163415653313
1.2285,0.0006688246923811631,0.002441204141556281,0.003110028833937444
1.2302499999999998,0.0006259808589411554,0.0024222858374429255,0.0030482666963840806
1.2319999999999998,0.0005846098499535311,0.002402929311762406,0.0029875391617159375
1.2337499999999997,0.0005447101055542029,0.0023831448767185457,0.0029278549822727485
1.2354999999999996,0.0005062794519630557,0.002362942978470333,0.002869222430433389
1.23725,0.0004693151080227662,0.002342334191288438,0.0028116492993112046
1.2389999999999999,0.0004338136919355088,0.0023213292116973892,0.002755142903632898
1.2407499999999998,0.0003997712281928604,0.0022999388526060336,0.0026997100807988937
1.2424999999999997,0.0003671831546946188,0.002278174037428941,0.0026453571921235593
1.2442499999999996,0.0003360443300517789,0.0022560457942014532,0.002592090124253232
1.246,0.00030634904106914687,0.002233565249690887,0.002539914290760034
1.24775,0.0002780910104029456,0.0022107436235065934,0.002488834633909539
1.2494999999999998,0.00025126340438869933,0.002187592222211342,0.002438855626600041
1.2512499999999998,0.00022585884103480393,0.0021641224334367805,0.002389981274471584
1.2529999999999997,0.00020186939817697384,0.002140345720005328,0.002342215118182302
1.25475,0.00017928662178886922,0.0021162736140611224,0.0022955602358499918
1.2565,0.0001581015344441374,0.0020919177112125823,0.00225001924565672
1.2582499999999999,0.00013830464392504315,0.0020672896646889223,0.0022055943086139655
1.2599999999999998,0.0001198859519729634,0.002042401179513229,0.0021622871314861927
1.2617499999999997,0.00010283496317586515,0.002017264006694467,0.002120098969870332
1.2634999999999996,8.714069398794926e-05,0.0019918899374408517,0.0020790306314288007
1.26525,7.279168187663079e-05,0.0019662907973969335,0.002039082479273564
1.267,5.9775994592002327e-05,0.0019404784409068744,0.002000254435498877
1.2687499999999998,4.808123955387368e-05,0.0019144647453060767,0.0019625459848599505
1.2704999999999997,3.769457335159141e-05,0.001888261605243647,0.0019259561785952386
1.2722499999999997,2.8602711351696184e-05,0.0018618809270378532,0.0018904836383895492
1.274,2.0791937408581214e-05,0.0018353346230669085,0.0018561265604754898
1.27575,1.4248113673264677e-05,0.0018086346061972538,0.0018228827198705183
1.2774999999999999,8.956690495379646e-06,0.0017817927842515141,0.0017907494747468936
1.2792499999999998,4.902716413537468e-06,0.0017548210545183418,0.0017597237709318792
1.2809999999999997,2.070848229174885e-06,0.0017277312983062598,0.0017298021465354347
1.2827499999999996,4.453611590256147e-07,0.0017005353755435281,0.0017009807367025537
1.2845,1.0159061362096748e-08,0.0016732451194262094,0.0016732552784875716
1.28625,7.487847311613945e-07,0.001645872331116364,0.0016466211158475254
1.2879999999999998,2.644430259360349e-06,0.0016184287744923716,0.001621073204751732
1.2897499999999997,5.679947451382378e-06,0.0015909261709533922,0.0015966061184047745
1.2914999999999996,9.837858300127828e-06,0.0015633761942798494,0.0015732140525799771
1.29325,1.5100365508643154e-05,0.0015357904655517905,0.0015508908310604337
1.295,2.1449363057687986e-05,0.0015081805481270188,0.001529629911184707
1.2967499999999998,2.88664468134776e-05,0.0014805579426807247,0.0015094243894942022
1.2984999999999998,3.733292517083925e-05,0.0014529340823085117,0.001490267007479351
1.3002499999999997,4.6829829727104394e-05,0.0014253203276943867,0.001472150157421491
1.3019999999999996,5.733792598204414e-05,0.001397727962345547,0.0014550658883275914
1.30375,6.883772405921301e-05,0.0013701681878954992,0.0014390059119547122
1.3054999999999999,8.130948944404484e-05,0.0013426521194772102,0.001423961608921255
1.3072499999999998,9.473325373416293e-05,0.0013151907811677448,0.0014099240349019079
1.3089999999999997,0.00010908882539728222,0.0012877951015060724,0.0013968839269033544
1.3107499999999996,0.00012435580053221285,0.0012604759090853747,0.0013848317096175876
1.3125,0.00014051357362847424,0.001233243928221359,0.001373757501849833
1.31425,0.00015754134832002005,0.00120610977469804,0.0013636511230180602
1.3159999999999998,0.0001754181481287308,0.0011790839515921979,0.0013545020997209288
1.3177499999999998,0.00019412282719320014,0.0011521768451779784,0.0013462996723711787
1.3194999999999997,0.00021363408097855511,0.0011253987209128003,0.0013390328018913556
1.3212499999999996,0.00023393045696296113,0.0010987597195058778,0.0013326901764688388
1.323,0.0002549903652965842,0.0010722698530704355,0.0013272602183670196
1.3247499999999999,0.0002767920894287654,0.0010459390013609288,0.001322731090789694
1.3264999999999998,0.00029931379669930646,0.0010197769080961018,0.0013190907047954084
1.3282499999999997,0.00032253354888967623,0.0009937931773692373,0.0013163267262589133
1.3299999999999996,0.0003464293127301084,0.000967997270146349,0.0013144265828764574
1.33175,0.0003709789703585734,0.0009423985008534467,0.00131337747121202
1.3335,0.0003961603297276028,0.0009170060340536972,0.0013131663637813
1.3352499999999998,0.00042195113495517084,0.0008918288812153718,0.0013137800161705426
1.3369999999999997,0.00044832907661561107,0.0008668758975714256,0.0013152049741870368
1.3387499999999997,0.00047527180196687424,0.0008421557790715054,0.0013174275810383797
1.3405,0.0005027569251103357,0.0008176770594270303,0.0013204339845373661
1.34225,0.0005307620370794141,0.0007934481072502032,0.0013242101443296174
1.3439999999999999,0.0005592647158534831,0.0007694771232873532,0.0013287418391408363
1.3457499999999998,0.0005882425362933325,0.00074577213774749,0.0013340146740408226
1.3474999999999997,0.0006176730799947693,0.0007223410077263862,0.0013400140877211555
1.3492499999999996,0.0006475339450568685,0.0006991914147268589,0.0013467253597837276
1.351,0.0006778027557614567,0.000676330862275603,0.0013541336180370597
1.35275,0.0007084571721604885,0.0006537666736370883,0.0013622238457975766
1.3544999999999998,0.0007394748995681085,0.0006315059896247826,0.0013709808891928911
1.3562499999999997,0.0007708336979540687,0.0006095557665101801,0.0013803894644642488
1.3579999999999997,0.0008025113912354442,0.0005879227740297702,0.0013904341652652146
1.35975,0.0008344858764635639,0.0005666135934902641,0.001401099469953828
1.3615,0.0008667351329030571,0.0005456346159722995,0.0014123697488753566
1.3632499999999999,0.0008992372310002211,0.0005249920406326742,0.0014242292716328952
1.3649999999999998,0.0009319703412376599,0.0005046918731053285,0.0014366622143429885
1.3667499999999997,0.0009649127428724853,0.00048473992400105306,0.0014496526668735384
1.3684999999999996,0.000998042832555339,0.0004651418075060158,0.0014631846400613548
1.37025,0.0010313391328275114,0.00044590294007898777,0.0014772420729064991
1.3719999999999999,0.0010647803004935656,0.0004270285392473475,0.0014918088397409132
1.3737499999999998,0.0010983451348670064,0.0004085236225015448,0.0015068687573685513
1.3754999999999997,0.0011320125858864263,0.0003903930062881112,0.0015224055921745376
1.3772499999999996,0.001165761762099803,0.00037264130510082004,0.0015384030672006231
1.379,0.0011995719385146316,0.0003552729306698955,0.0015548448691845272
1.38075,0.0012334225643115865,0.0003382920912489223,0.0015717146555605088
1.3824999999999998,0.00126729327041967,0.0003217027909991485,0.0015889960614188185
1.3842499999999998,0.0013011638769505872,0.0003055088294708414,0.0016066727064214285
1.3859999999999997,0.001335014400490446,0.0002897138011813069,0.0016247282016717528
1.3877499999999996,0.0013688250612467665,0.00027432109528907096,0.0016431461565358375
1.3895,0.0014025762900489538,0.0002593338953638308,0.0016619101854127847
1.3912499999999999,0.0014362487352003878,0.00024475517925159413,0.001681003914451982
1.3929999999999998,0.0014698232691805102,0.0002305877190344633,0.0017004109882149735
1.3947499999999997,0.001503280995195094,0.00021683408108449053,0.0017201150762795846
1.3964999999999996,0.0015366032535732489,0.0002034966262109696,0.0017400998797842185
1.39825,0.0015697716280095927,0.00019057750990046328,0.0017603491379100558
1.4,0.001602767951650168,0.00017807868264890856,0.0017808466342990764
